-- phpMyAdmin SQL Dump
-- version 5.2.0
-- https://www.phpmyadmin.net/
--
-- Host: localhost:3306
-- Generation Time: Mar 13, 2025 at 06:19 AM
-- Server version: 8.0.30
-- PHP Version: 8.2.28

SET SQL_MODE = "NO_AUTO_VALUE_ON_ZERO";
START TRANSACTION;
SET time_zone = "+00:00";


/*!40101 SET @OLD_CHARACTER_SET_CLIENT=@@CHARACTER_SET_CLIENT */;
/*!40101 SET @OLD_CHARACTER_SET_RESULTS=@@CHARACTER_SET_RESULTS */;
/*!40101 SET @OLD_COLLATION_CONNECTION=@@COLLATION_CONNECTION */;
/*!40101 SET NAMES utf8mb4 */;

--
-- Database: `asset-management`
--

-- --------------------------------------------------------

--
-- Table structure for table `assets`
--

CREATE TABLE `assets` (
  `id` bigint UNSIGNED NOT NULL,
  `organization_id` bigint UNSIGNED DEFAULT NULL,
  `product_id` varchar(255) COLLATE utf8mb4_unicode_ci DEFAULT NULL,
  `brand` varchar(255) COLLATE utf8mb4_unicode_ci DEFAULT NULL,
  `range` varchar(255) COLLATE utf8mb4_unicode_ci DEFAULT NULL,
  `product` varchar(255) COLLATE utf8mb4_unicode_ci DEFAULT NULL,
  `qr_code` varchar(255) COLLATE utf8mb4_unicode_ci DEFAULT NULL,
  `serial_number` varchar(255) COLLATE utf8mb4_unicode_ci DEFAULT NULL,
  `external_serial_number` varchar(255) COLLATE utf8mb4_unicode_ci DEFAULT NULL,
  `manufacturing_date` date DEFAULT NULL,
  `installation_date` date DEFAULT NULL,
  `warranty_end_date` date DEFAULT NULL,
  `unit_price` double DEFAULT NULL,
  `current_spend` double DEFAULT NULL,
  `max_spend` double DEFAULT NULL,
  `fitness_product` tinyint(1) DEFAULT NULL,
  `has_odometer` tinyint(1) DEFAULT NULL,
  `location` varchar(255) COLLATE utf8mb4_unicode_ci DEFAULT NULL,
  `residual_price` double DEFAULT NULL,
  `created_at` timestamp NULL DEFAULT NULL,
  `updated_at` timestamp NULL DEFAULT NULL
) ENGINE=InnoDB DEFAULT CHARSET=utf8mb4 COLLATE=utf8mb4_unicode_ci;

--
-- Dumping data for table `assets`
--

INSERT INTO `assets` (`id`, `organization_id`, `product_id`, `brand`, `range`, `product`, `qr_code`, `serial_number`, `external_serial_number`, `manufacturing_date`, `installation_date`, `warranty_end_date`, `unit_price`, `current_spend`, `max_spend`, `fitness_product`, `has_odometer`, `location`, `residual_price`, `created_at`, `updated_at`) VALUES
(1, 5, '111', 'hp', NULL, 'keyboard', '1235', 'A1804BB11451', 'A1804BB11452', NULL, NULL, NULL, NULL, NULL, NULL, 1, 1, NULL, NULL, '2025-03-12 22:04:11', '2025-03-12 22:05:33'),
(2, 5, '49386', 'Assault Fitness', 'Classic Assault Bike', 'High Performance Bike', 'O4-134552', 'A1804BB1145', 'A134137', '2018-06-12', '2018-06-12', '2020-06-12', 0, NULL, 7922.08, 1, 1, NULL, 2753.7, '2025-03-12 22:05:57', '2025-03-12 22:05:57'),
(3, 5, '49387', 'Assault Fitness', 'Classic Assault Bike', 'High Performance Bike', 'O4-134553', 'A1804BB1303', 'A134136', '2018-06-12', '2018-06-12', '2020-06-12', 0, NULL, 7922.08, 1, 1, NULL, 2753.7, '2025-03-12 22:05:57', '2025-03-12 22:05:57'),
(4, 5, '49388', 'Concept 2', 'Model D', 'Rower', 'O4-134554', '0309160-2711-430250551', 'A115306', '2016-10-15', '2016-10-15', '2021-10-15', 0, NULL, 3625.99, 1, 1, NULL, 2572.87, '2025-03-12 22:05:57', '2025-03-12 22:05:57'),
(5, 5, '49389', 'Concept 2', 'SkiErg', 'Upper Body Cardio', 'O4-134555', '1128170-2715-430543644', 'A130755', '2018-02-12', '2018-02-12', '2022-02-12', 0, NULL, 7922.08, 1, 1, NULL, 3146.33, '2025-03-12 22:05:57', '2025-03-12 22:05:57'),
(6, 5, '49390', 'Concept 2', 'SkiErg', 'Upper Body Cardio', 'O4-134556', '1128170-2715-430543651', 'A130756', '2018-02-12', '2018-02-12', '2022-02-12', 0, NULL, 7922.08, 1, 1, NULL, 3146.33, '2025-03-12 22:05:57', '2025-03-12 22:05:57'),
(7, 5, '49391', 'Damascus', 'Punching Bag', 'Boxing Bag', 'O4-134557', 'Unknown 1', 'A130297', '2018-01-31', '2018-01-31', '2018-07-31', 0, NULL, 0, 1, 1, NULL, 0, '2025-03-12 22:05:57', '2025-03-12 22:05:57'),
(8, 5, '49392', 'Damascus', 'Punching Bag', 'Boxing Bag', 'O4-134558', 'Unknown 2', 'A130298', '2018-01-31', '2018-01-31', '2018-07-31', 0, NULL, 0, 1, 1, NULL, 0, '2025-03-12 22:05:57', '2025-03-12 22:05:57'),
(9, 5, '49393', 'Damascus', 'Punching Bag', 'Boxing Bag', 'O4-134559', 'Unknown 3', 'A130299', '2018-01-31', '2018-01-31', '2018-07-31', 0, NULL, 0, 1, 1, NULL, 0, '2025-03-12 22:05:57', '2025-03-12 22:05:57'),
(10, 5, '49394', 'Damascus', 'Punching Bag', 'Boxing Bag', 'O4-134560', 'Unknown 4', 'A130300', '2018-01-31', '2018-01-31', '2018-07-31', 0, NULL, 0, 1, 1, NULL, 0, '2025-03-12 22:05:57', '2025-03-12 22:05:57'),
(11, 5, '49395', 'Damascus', 'Punching Bag', 'Boxing Bag', 'O4-134561', 'Unknown 5', 'A130301', '2018-01-31', '2018-01-31', '2018-07-31', 0, NULL, 0, 1, 1, NULL, 0, '2025-03-12 22:05:57', '2025-03-12 22:05:57'),
(12, 5, '49396', 'Damascus', 'Punching Bag', 'Boxing Bag', 'O4-134562', 'Unknown 6', 'A130302', '2018-01-31', '2018-01-31', '2018-07-31', 0, NULL, 0, 1, 1, NULL, 0, '2025-03-12 22:05:57', '2025-03-12 22:05:57'),
(13, 5, '49397', 'Damascus', 'Punching Bag', 'Boxing Bag', 'O4-134563', 'Unknown 7', 'A130303', '2018-01-31', '2018-01-31', '2018-07-31', 0, NULL, 0, 1, 1, NULL, 0, '2025-03-12 22:05:57', '2025-03-12 22:05:57'),
(14, 5, '49398', 'Damascus', 'Punching Bag', 'Boxing Bag', 'O4-134564', 'Unknown 8', 'A130304', '2018-01-31', '2018-01-31', '2018-07-31', 0, NULL, 0, 1, 1, NULL, 0, '2025-03-12 22:05:57', '2025-03-12 22:05:57'),
(15, 5, '49399', 'Damascus', 'Punching Bag', 'Boxing Bag', 'O4-134565', 'Unknown 9', 'A130305', '2018-01-31', '2018-01-31', '2018-07-31', 0, NULL, 0, 1, 1, NULL, 0, '2025-03-12 22:05:57', '2025-03-12 22:05:57'),
(16, 5, '49400', 'Damascus', 'Punching Bag', 'Boxing Bag', 'O4-134566', 'Unknown 10', 'A130306', '2018-01-31', '2018-01-31', '2018-07-31', 0, NULL, 0, 1, 1, NULL, 0, '2025-03-12 22:05:57', '2025-03-12 22:05:57'),
(17, 5, '49401', 'Life Fitness', 'IC7 Spin Bike', 'Studio Bike', 'O4-134567', 'TCRB0001983-16G', 'A119502', '2017-01-31', '2017-01-31', '2022-01-31', 0, NULL, 6733.88, 1, 0, NULL, 3212.65, '2025-03-12 22:05:57', '2025-03-12 22:05:57'),
(18, 5, '49402', 'Life Fitness', 'IC7 Spin Bike', 'Studio Bike', 'O4-134568', 'TCRB0001984-16G', 'A119503', '2017-01-31', '2017-01-31', '2022-01-31', 0, NULL, 6733.88, 1, 0, NULL, 3212.65, '2025-03-12 22:05:57', '2025-03-12 22:05:57'),
(19, 5, '49403', 'Life Fitness', 'IC7 Spin Bike', 'Studio Bike', 'O4-134569', 'TCRB0001986-16G', 'A119505', '2017-01-31', '2017-01-31', '2022-01-31', 0, NULL, 6733.88, 1, 0, NULL, 3212.65, '2025-03-12 22:05:57', '2025-03-12 22:05:57'),
(20, 5, '49404', 'Life Fitness', 'IC7 Spin Bike', 'Studio Bike', 'O4-134570', 'TCRB0001987-16G', 'A119506', '2017-01-31', '2017-01-31', '2022-01-31', 0, NULL, 6733.88, 1, 0, NULL, 3212.65, '2025-03-12 22:05:57', '2025-03-12 22:05:57'),
(21, 5, '49405', 'Life Fitness', 'IC7 Spin Bike', 'Studio Bike', 'O4-134571', 'TCRB0001988-16G', 'A119507', '2017-01-31', '2017-01-31', '2022-01-31', 0, NULL, 6733.88, 1, 0, NULL, 3212.65, '2025-03-12 22:05:57', '2025-03-12 22:05:57'),
(22, 5, '49406', 'Life Fitness', 'IC7 Spin Bike', 'Studio Bike', 'O4-134572', 'TCRB0001989-16G', 'A119508', '2017-01-31', '2017-01-31', '2022-01-31', 0, NULL, 6733.88, 1, 0, NULL, 3212.65, '2025-03-12 22:05:57', '2025-03-12 22:05:57'),
(23, 5, '49407', 'Life Fitness', 'IC7 Spin Bike', 'Studio Bike', 'O4-134573', 'TCRB0001990-16G', 'A119509', '2017-01-31', '2017-01-31', '2022-01-31', 0, NULL, 6733.88, 1, 0, NULL, 3212.65, '2025-03-12 22:05:57', '2025-03-12 22:05:57'),
(24, 5, '49408', 'Life Fitness', 'IC7 Spin Bike', 'Studio Bike', 'O4-134574', 'TCRB0001991-16G', 'A119510', '2017-01-31', '2017-01-31', '2022-01-31', 0, NULL, 6733.88, 1, 0, NULL, 3212.65, '2025-03-12 22:05:57', '2025-03-12 22:05:57'),
(25, 5, '49409', 'Life Fitness', 'IC7 Spin Bike', 'Studio Bike', 'O4-134575', 'TCRB0001992-16G', 'A119511', '2017-01-31', '2017-01-31', '2022-01-31', 0, NULL, 6733.88, 1, 0, NULL, 3212.65, '2025-03-12 22:05:57', '2025-03-12 22:05:57'),
(26, 5, '49410', 'Life Fitness', 'IC7 Spin Bike', 'Studio Bike', 'O4-134576', 'TCRB0001993-16G', 'A119512', '2017-01-31', '2017-01-31', '2022-01-31', 0, NULL, 6733.88, 1, 0, NULL, 3212.65, '2025-03-12 22:05:57', '2025-03-12 22:05:57'),
(27, 5, '49411', 'Life Fitness', 'IC7 Spin Bike', 'Studio Bike', 'O4-134577', 'TCRB0001996-16G', 'A119515', '2017-01-31', '2017-01-31', '2022-01-31', 0, NULL, 6733.88, 1, 0, NULL, 3212.65, '2025-03-12 22:05:57', '2025-03-12 22:05:57'),
(28, 5, '49412', 'Life Fitness', 'IC7 Spin Bike', 'Studio Bike', 'O4-134578', 'TCRB0001997-16G', 'A119516', '2017-01-31', '2017-01-31', '2022-01-31', 0, NULL, 6733.88, 1, 0, NULL, 3212.65, '2025-03-12 22:05:57', '2025-03-12 22:05:57'),
(29, 5, '49413', 'Life Fitness', 'IC7 Spin Bike', 'Studio Bike', 'O4-134579', 'TCRB0001998-16G', 'A119517', '2017-01-31', '2017-01-31', '2022-01-31', 0, NULL, 6733.88, 1, 0, NULL, 3212.65, '2025-03-12 22:05:57', '2025-03-12 22:05:57'),
(30, 5, '49414', 'Life Fitness', 'IC7 Spin Bike', 'Studio Bike', 'O4-134580', 'TCRB0001999-16G', 'A119518', '2017-01-31', '2017-01-31', '2022-01-31', 0, NULL, 6733.88, 1, 0, NULL, 3212.65, '2025-03-12 22:05:57', '2025-03-12 22:05:57'),
(31, 5, '49415', 'Life Fitness', 'IC7 Spin Bike', 'Studio Bike', 'O4-134581', 'TCRB0002001-16G', 'A119520', '2017-01-31', '2017-01-31', '2022-01-31', 0, NULL, 6733.88, 1, 0, NULL, 3212.65, '2025-03-12 22:05:57', '2025-03-12 22:05:57'),
(32, 5, '49416', 'Life Fitness', 'IC7 Spin Bike', 'Studio Bike', 'O4-134582', 'TCRB0002002-16G', 'A119521', '2017-01-31', '2017-01-31', '2022-01-31', 0, NULL, 6733.88, 1, 0, NULL, 3212.65, '2025-03-12 22:05:57', '2025-03-12 22:05:57'),
(33, 5, '49417', 'Life Fitness', 'IC7 Spin Bike', 'Studio Bike', 'O4-134583', 'TCRB0002004-16G', 'A119523', '2017-01-31', '2017-01-31', '2022-01-31', 0, NULL, 6733.88, 1, 0, NULL, 3212.65, '2025-03-12 22:05:57', '2025-03-12 22:05:57'),
(34, 5, '49418', 'Life Fitness', 'IC7 Spin Bike', 'Studio Bike', 'O4-134584', 'TCRB0002005-16G', 'A119524', '2017-01-31', '2017-01-31', '2022-01-31', 0, NULL, 6733.88, 1, 0, NULL, 3212.65, '2025-03-12 22:05:57', '2025-03-12 22:05:57'),
(35, 5, '49419', 'Life Fitness', 'IC7 Spin Bike', 'Studio Bike', 'O4-134585', 'TCRB0002006-16G', 'A119525', '2017-01-31', '2017-01-31', '2022-01-31', 0, NULL, 6733.88, 1, 0, NULL, 3212.65, '2025-03-12 22:05:57', '2025-03-12 22:05:57'),
(36, 5, '49420', 'Life Fitness', 'IC7 Spin Bike', 'Studio Bike', 'O4-134586', 'TCRB0002007-16G', 'A119526', '2017-01-31', '2017-01-31', '2022-01-31', 0, NULL, 6733.88, 1, 0, NULL, 3212.65, '2025-03-12 22:05:57', '2025-03-12 22:05:57'),
(37, 5, '49421', 'Life Fitness', 'IC7 Spin Bike', 'Studio Bike', 'O4-134587', 'TCRB0002302-16H', 'A114082', '2016-10-15', '2016-10-15', '2023-06-11', 0, NULL, 6733.88, 1, 1, NULL, 2983.18, '2025-03-12 22:05:57', '2025-03-12 22:05:57'),
(38, 5, '49422', 'Life Fitness', 'IC7 Spin Bike', 'Studio Bike', 'O4-134588', 'TCRB0002303-16H', 'A114083', '2016-10-15', '2016-10-15', '2023-06-11', 0, NULL, 6733.88, 1, 1, NULL, 2983.18, '2025-03-12 22:05:57', '2025-03-12 22:05:57'),
(39, 5, '49423', 'Life Fitness', 'IC7 Spin Bike', 'Studio Bike', 'O4-134589', 'TCRB0002304-16H', 'A114084', '2016-10-15', '2016-10-15', '2023-06-11', 0, NULL, 6733.88, 1, 1, NULL, 2983.18, '2025-03-12 22:05:57', '2025-03-12 22:05:57'),
(40, 5, '49424', 'Life Fitness', 'IC7 Spin Bike', 'Studio Bike', 'O4-134590', 'TCRB0002309-16H', 'A114089', '2016-10-15', '2016-10-15', '2023-06-11', 0, NULL, 6733.88, 1, 1, NULL, 2983.18, '2025-03-12 22:05:57', '2025-03-12 22:05:57'),
(41, 5, '49425', 'Life Fitness', 'IC7 Spin Bike', 'Studio Bike', 'O4-134591', 'TCRB0002310-16H', 'A114090', '2016-10-15', '2016-10-15', '2023-06-11', 0, NULL, 6733.88, 1, 1, NULL, 2983.18, '2025-03-12 22:05:57', '2025-03-12 22:05:57'),
(42, 5, '49426', 'Life Fitness', 'IC7 Spin Bike', 'Studio Bike', 'O4-134592', 'TCRB0002311-16H', 'A114091', '2016-10-15', '2016-10-15', '2023-06-11', 0, NULL, 6733.88, 1, 1, NULL, 2983.18, '2025-03-12 22:05:57', '2025-03-12 22:05:57'),
(43, 5, '49427', 'Life Fitness', 'IC7 Spin Bike', 'Studio Bike', 'O4-134593', 'TCRB0002314-16H', 'A114094', '2016-10-15', '2016-10-15', '2023-06-11', 0, NULL, 6733.88, 1, 1, NULL, 2983.18, '2025-03-12 22:05:57', '2025-03-12 22:05:57'),
(44, 5, '49428', 'Life Fitness', 'IC7 Spin Bike', 'Studio Bike', 'O4-134594', 'TCRB0002323-16H', 'A114103', '2016-10-15', '2016-10-15', '2023-06-11', 0, NULL, 6733.88, 1, 1, NULL, 2983.18, '2025-03-12 22:05:57', '2025-03-12 22:05:57'),
(45, 5, '49429', 'Life Fitness', 'IC7 Spin Bike', 'Studio Bike', 'O4-134595', 'TCRB0002330-16H', 'A114110', '2016-10-15', '2016-10-15', '2023-06-11', 0, NULL, 6733.88, 1, 1, NULL, 2983.18, '2025-03-12 22:05:57', '2025-03-12 22:05:57'),
(46, 5, '49430', 'Life Fitness', 'IC7 Spin Bike', 'Studio Bike', 'O4-134596', 'TCRB0002332-16H', 'A114112', '2016-10-15', '2016-10-15', '2023-06-11', 0, NULL, 6733.88, 1, 1, NULL, 2983.18, '2025-03-12 22:05:57', '2025-03-12 22:05:57'),
(47, 5, '49431', 'Life Fitness', 'IC7 Spin Bike', 'Studio Bike', 'O4-134597', 'TCRB0002334-16H', 'A114114', '2016-10-15', '2016-10-15', '2023-06-11', 0, NULL, 6733.88, 1, 1, NULL, 2983.18, '2025-03-12 22:05:57', '2025-03-12 22:05:57'),
(48, 5, '49432', 'Life Fitness', 'IC7 Spin Bike', 'Studio Bike', 'O4-134598', 'TCRB0002337-16H', 'A114117', '2016-10-15', '2016-10-15', '2023-06-11', 0, NULL, 6733.88, 1, 1, NULL, 2983.18, '2025-03-12 22:05:57', '2025-03-12 22:05:57'),
(49, 5, '49433', 'Technogym', '10 Pair Chrome Dumbbell Set with 2 Tier Rack', 'Dumbbell Set', 'O4-134599', 'A000036416100586', 'A113961', '2016-10-15', '2016-10-15', '2021-10-15', 0, NULL, 3625.99, 1, 0, NULL, 3728.97, '2025-03-12 22:05:57', '2025-03-12 22:05:57'),
(50, 5, '49434', 'Technogym', '10 Pair Chrome Dumbbell Set with 2 Tier Rack', 'Dumbbell Set', 'O4-134600', 'A000042116101737', 'A113979', '2016-10-15', '2016-10-15', '2021-10-15', 0, NULL, 3625.99, 1, 0, NULL, 3728.97, '2025-03-12 22:05:57', '2025-03-12 22:05:57'),
(51, 5, '49435', 'Technogym', '10 Pair Chrome Dumbbell Set with 2 Tier Rack', 'Dumbbell Set', 'O4-134601', 'A000052116000628', 'A120312', '2016-10-15', '2016-10-15', '2021-10-15', 0, NULL, 3625.99, 1, 0, NULL, 3728.97, '2025-03-12 22:05:57', '2025-03-12 22:05:57'),
(52, 5, '49436', 'Technogym', '10 Pair Chrome Dumbbell Set with 2 Tier Rack', 'Dumbbell Set', 'O4-134602', 'A000052116000629', 'A120313', '2016-10-15', '2016-10-15', '2021-10-15', 0, NULL, 3625.99, 1, 0, NULL, 3728.97, '2025-03-12 22:05:57', '2025-03-12 22:05:57'),
(53, 5, '49437', 'Technogym', '10 Pair Chrome Dumbbell Set with 2 Tier Rack', 'Dumbbell Set', 'O4-134603', 'A000052116000636', 'A120314', '2016-10-15', '2016-10-15', '2021-10-15', 0, NULL, 3625.99, 1, 0, NULL, 3728.97, '2025-03-12 22:05:57', '2025-03-12 22:05:57'),
(54, 5, '49438', 'Technogym', '10 Pair Chrome Dumbbell Set with 2 Tier Rack', 'Dumbbell Set', 'O4-134604', 'A000052116000648', 'A120315', '2016-10-15', '2016-10-15', '2021-10-15', 0, NULL, 3625.99, 1, 0, NULL, 3728.97, '2025-03-12 22:05:57', '2025-03-12 22:05:57'),
(55, 5, '49439', 'Technogym', '10 Pair Chrome Dumbbell Set with 2 Tier Rack', 'Dumbbell Set', 'O4-134605', 'A000052116000649', 'A120316', '2016-10-15', '2016-10-15', '2021-10-15', 0, NULL, 3625.99, 1, 0, NULL, 3728.97, '2025-03-12 22:05:57', '2025-03-12 22:05:57'),
(56, 5, '49442', 'Technogym', '10 Pair Chrome Dumbbell Set with 2 Tier Rack', 'Dumbbell Set', 'O4-134608', 'Unknown 13', 'A136014', '2018-07-06', '2018-07-06', '2023-07-06', 0, NULL, 4265.73, 1, 0, NULL, 4302.66, '2025-03-12 22:05:57', '2025-03-12 22:05:57'),
(57, 5, '49443', 'Technogym', '10 Pair Fixed Barbell Set - Straight', 'Barbell Set', 'O4-134609', 'A000052015000061', 'A113942', '2016-10-15', '2016-10-15', '2021-10-15', 0, NULL, 3625.99, 1, 0, NULL, 2684.86, '2025-03-12 22:05:57', '2025-03-12 22:05:57'),
(58, 5, '49444', 'Technogym', 'Dip/Leg Raise (Bench)', 'Chin/Dip Station', 'O4-134610', 'PA1216100277', 'A113967', '2016-10-15', '2016-10-15', '2021-10-15', 0, NULL, 4661.96, 1, 0, NULL, 2684.86, '2025-03-12 22:05:57', '2025-03-12 22:05:57'),
(59, 5, '49445', 'Technogym', 'Element', 'Cable Crossover', 'O4-134611', 'MB9316100375', 'A113955', '2016-10-15', '2016-10-15', '2021-10-15', 0, NULL, 4661.96, 1, 0, NULL, 5966.35, '2025-03-12 22:05:57', '2025-03-12 22:05:57'),
(60, 5, '49446', 'Technogym', 'Element', 'Ercolina', 'O4-134612', 'MB8016100067', 'A113980', '2016-10-15', '2016-10-15', '2021-10-15', 0, NULL, 4661.96, 1, 0, NULL, 4176.45, '2025-03-12 22:05:57', '2025-03-12 22:05:57'),
(61, 5, '49447', 'Technogym', 'Element', 'Ercolina', 'O4-134613', 'MB8016100068', 'A113981', '2016-10-15', '2016-10-15', '2021-10-15', 0, NULL, 4661.96, 1, 0, NULL, 4176.45, '2025-03-12 22:05:57', '2025-03-12 22:05:57'),
(62, 5, '49448', 'Technogym', 'Element', 'Ercolina', 'O4-134614', 'MB8016100070', 'A113982', '2016-10-15', '2016-10-15', '2021-10-15', 0, NULL, 4661.96, 1, 0, NULL, 4176.45, '2025-03-12 22:05:57', '2025-03-12 22:05:57'),
(63, 5, '49449', 'Technogym', 'Element', 'Lat Pulldown', 'O4-134615', 'ML49NN16100074', 'A113986', '2016-10-15', '2016-10-15', '2021-10-15', 0, NULL, 4661.96, 1, 0, NULL, 4176.45, '2025-03-12 22:05:57', '2025-03-12 22:05:57'),
(64, 5, '49450', 'Technogym', 'Element', 'Lat Pulldown', 'O4-134616', 'ML49NN16100079', 'A113987', '2016-10-15', '2016-10-15', '2021-10-15', 0, NULL, 4661.96, 1, 0, NULL, 4176.45, '2025-03-12 22:05:57', '2025-03-12 22:05:57'),
(65, 5, '49451', 'Technogym', 'Element Scott Bench', 'Preacher Curl', 'O4-134617', 'PA0616100257', 'A114046', '2016-10-15', '2016-10-15', '2021-10-15', 0, NULL, 3625.99, 1, 0, NULL, 4176.45, '2025-03-12 22:05:57', '2025-03-12 22:05:57'),
(66, 5, '49452', 'Technogym', 'Element+', 'Abdominal Crunch', 'O4-134618', 'PA1016100267', 'A113963', '2016-10-15', '2016-10-15', '2021-10-15', 0, NULL, 4661.96, 1, 0, NULL, 4176.45, '2025-03-12 22:05:57', '2025-03-12 22:05:57'),
(67, 5, '49453', 'Technogym', 'Element+', 'Abdominal Crunch', 'O4-134619', 'PA1016100268', 'A113964', '2016-10-15', '2016-10-15', '2021-10-15', 0, NULL, 4661.96, 1, 0, NULL, 4176.45, '2025-03-12 22:05:57', '2025-03-12 22:05:57'),
(68, 5, '49454', 'Technogym', 'Element+', 'Assisted Chin and Dip', 'O4-134620', 'MB9116100450', 'A113983', '2016-10-15', '2016-10-15', '2021-10-15', 0, NULL, 4661.96, 1, 0, NULL, 4176.45, '2025-03-12 22:05:57', '2025-03-12 22:05:57'),
(69, 5, '49455', 'Technogym', 'Element+', 'Dual Adjustable Pulley', 'O4-134621', 'MB4316100752', 'A113974', '2016-10-15', '2016-10-15', '2021-10-15', 0, NULL, 4661.96, 1, 0, NULL, 5966.35, '2025-03-12 22:05:57', '2025-03-12 22:05:57'),
(70, 5, '49456', 'Technogym', 'Element+ Decline/Ab Crunch Bench', 'Decline Bench', 'O4-134622', 'PA0316100835', 'A113965', '2016-10-15', '2016-10-15', '2021-10-15', 0, NULL, 0, 1, 0, NULL, 4922.24, '2025-03-12 22:05:57', '2025-03-12 22:05:57'),
(71, 5, '49457', 'Technogym', 'Element+ Decline/Ab Crunch Bench', 'Decline Bench', 'O4-134623', 'PA0316100840', 'A113966', '2016-10-15', '2016-10-15', '2021-10-15', 0, NULL, 0, 1, 0, NULL, 4922.24, '2025-03-12 22:05:57', '2025-03-12 22:05:57'),
(72, 5, '49458', 'Technogym', 'Excite 1000', 'Recumbent Bike', 'O4-134624', 'DED83U16000244', 'A114016', '2016-10-15', '2016-10-15', '2021-10-15', 0, NULL, 6733.88, 1, 1, NULL, 5369.72, '2025-03-12 22:05:57', '2025-03-12 22:05:57'),
(73, 5, '49459', 'Technogym', 'Excite 1000', 'Recumbent Bike', 'O4-134625', 'DED83U16000380', 'A114018', '2016-10-15', '2016-10-15', '2021-10-15', 0, NULL, 6733.88, 1, 1, NULL, 5369.72, '2025-03-12 22:05:57', '2025-03-12 22:05:57'),
(74, 5, '49460', 'Technogym', 'Excite 1000', 'Recumbent Bike', 'O4-134626', 'DED83U16000381', 'A114019', '2016-10-15', '2016-10-15', '2021-10-15', 0, NULL, 6733.88, 1, 1, NULL, 5369.72, '2025-03-12 22:05:57', '2025-03-12 22:05:57'),
(75, 5, '49461', 'Technogym', 'Excite 1000', 'Stair Climber', 'O4-134627', 'DEE83U18000103', 'A136073', '2018-06-11', '2018-06-11', '2023-06-11', 0, NULL, 18281.95, 1, 1, NULL, 17210.63, '2025-03-12 22:05:57', '2025-03-12 22:05:57'),
(76, 5, '49462', 'Technogym', 'Excite 1000', 'Stair Climber', 'O4-134628', 'DEE83U18000104', 'A136074', '2018-06-11', '2018-06-11', '2023-06-11', 0, NULL, 18281.95, 1, 1, NULL, 17210.63, '2025-03-12 22:05:57', '2025-03-12 22:05:57'),
(77, 5, '49463', 'Technogym', 'Excite 1000', 'Upright Bike', 'O4-134629', 'DEC83U16000374', 'A113943', '2016-10-15', '2016-10-15', '2021-10-15', 0, NULL, 10359.87, 1, 1, NULL, 5369.72, '2025-03-12 22:05:57', '2025-03-12 22:05:57'),
(78, 5, '49464', 'Technogym', 'Excite 1000', 'Upright Bike', 'O4-134630', 'DEC83U16000563', 'A113945', '2016-10-15', '2016-10-15', '2021-10-15', 0, NULL, 10359.87, 1, 1, NULL, 5369.72, '2025-03-12 22:05:57', '2025-03-12 22:05:57'),
(79, 5, '49465', 'Technogym', 'Excite 1000', 'Upright Bike', 'O4-134631', 'DEC83U16000581', 'A113949', '2016-10-15', '2016-10-15', '2021-10-15', 0, NULL, 10359.87, 1, 1, NULL, 5369.72, '2025-03-12 22:05:57', '2025-03-12 22:05:57'),
(80, 5, '49466', 'Technogym', 'Excite 1000', 'Upright Bike', 'O4-134632', 'DEC83U16000582', 'A113950', '2016-10-15', '2016-10-15', '2021-10-15', 0, NULL, 10359.87, 1, 1, NULL, 5369.72, '2025-03-12 22:05:57', '2025-03-12 22:05:57'),
(81, 5, '49467', 'Technogym', 'Excite 1000', 'Upright Bike', 'O4-134633', 'DEC83U16000583', 'A113951', '2016-10-15', '2016-10-15', '2021-10-15', 0, NULL, 10359.87, 1, 1, NULL, 5369.72, '2025-03-12 22:05:57', '2025-03-12 22:05:57'),
(82, 5, '49468', 'Technogym', 'Excite 1000', 'Upright Bike', 'O4-134634', 'DEC83U16000585', 'A113953', '2016-10-15', '2016-10-15', '2021-10-15', 0, NULL, 10359.87, 1, 1, NULL, 5369.72, '2025-03-12 22:05:57', '2025-03-12 22:05:57'),
(83, 5, '49469', 'Technogym', 'Excite 1000', 'Upright Bike', 'O4-134635', 'DEC83U16000587', 'A113954', '2016-10-15', '2016-10-15', '2021-10-15', 0, NULL, 10359.87, 1, 1, NULL, 5369.72, '2025-03-12 22:05:57', '2025-03-12 22:05:57'),
(84, 5, '49470', 'Technogym', 'Excite Run 1000 Med', 'Treadmill', 'O4-134636', 'DEK8EU16001075', 'A114022', '2016-10-15', '2016-10-15', '2021-10-15', 0, NULL, 25899.34, 1, 1, NULL, 8949.53, '2025-03-12 22:05:57', '2025-03-12 22:05:57'),
(85, 5, '49471', 'Technogym', 'Excite Run 1000 Med', 'Treadmill', 'O4-134637', 'DEK8EU16001079', 'A114023', '2016-10-15', '2016-10-15', '2021-10-15', 0, NULL, 25899.34, 1, 1, NULL, 8949.53, '2025-03-12 22:05:57', '2025-03-12 22:05:57'),
(86, 5, '49472', 'Technogym', 'Excite Run 1000 Med', 'Treadmill', 'O4-134638', 'DEK8EU16001082', 'A114024', '2016-10-15', '2016-10-15', '2021-10-15', 0, NULL, 25899.34, 1, 1, NULL, 8949.53, '2025-03-12 22:05:57', '2025-03-12 22:05:57'),
(87, 5, '49473', 'Technogym', 'Excite Run 1000 Med', 'Treadmill', 'O4-134639', 'DEK8EU16001084', 'A114025', '2016-10-15', '2016-10-15', '2021-10-15', 0, NULL, 25899.34, 1, 1, NULL, 8949.53, '2025-03-12 22:05:57', '2025-03-12 22:05:57'),
(88, 5, '49474', 'Technogym', 'Excite Run 1000 Med', 'Treadmill', 'O4-134640', 'DEK8EU16001087', 'A114026', '2016-10-15', '2016-10-15', '2021-10-15', 0, NULL, 25899.34, 1, 1, NULL, 8949.53, '2025-03-12 22:05:57', '2025-03-12 22:05:57'),
(89, 5, '49475', 'Technogym', 'Excite Run 1000 Med', 'Treadmill', 'O4-134641', 'DEK8EU16001089', 'A114027', '2016-10-15', '2016-10-15', '2021-10-15', 0, NULL, 25899.34, 1, 1, NULL, 8949.53, '2025-03-12 22:05:57', '2025-03-12 22:05:57'),
(90, 5, '49476', 'Technogym', 'Excite Run 1000 Med', 'Treadmill', 'O4-134642', 'DEK8EU16001090', 'A114028', '2016-10-15', '2016-10-15', '2021-10-15', 0, NULL, 25899.34, 1, 1, NULL, 8949.53, '2025-03-12 22:05:57', '2025-03-12 22:05:57'),
(91, 5, '49477', 'Technogym', 'Excite Run 1000 Med', 'Treadmill', 'O4-134643', 'DEK8EU16001091', 'A114029', '2016-10-15', '2016-10-15', '2021-10-15', 0, NULL, 25899.34, 1, 1, NULL, 8949.53, '2025-03-12 22:05:57', '2025-03-12 22:05:57'),
(92, 5, '49478', 'Technogym', 'Excite Run 1000 Med', 'Treadmill', 'O4-134644', 'DEK8EU16001092', 'A114030', '2016-10-15', '2016-10-15', '2021-10-15', 0, NULL, 25899.34, 1, 1, NULL, 8949.53, '2025-03-12 22:05:57', '2025-03-12 22:05:57'),
(93, 5, '49479', 'Technogym', 'Excite Run 1000 Med', 'Treadmill', 'O4-134645', 'DEK8EU16001093', 'A114031', '2016-10-15', '2016-10-15', '2021-10-15', 0, NULL, 25899.34, 1, 1, NULL, 8949.53, '2025-03-12 22:05:57', '2025-03-12 22:05:57'),
(94, 5, '49480', 'Technogym', 'Excite Run 1000 Med', 'Treadmill', 'O4-134646', 'DEK8EU16001094', 'A114032', '2016-10-15', '2016-10-15', '2021-10-15', 0, NULL, 25899.34, 1, 1, NULL, 8949.53, '2025-03-12 22:05:57', '2025-03-12 22:05:57'),
(95, 5, '49481', 'Technogym', 'Excite Run 1000 Med', 'Treadmill', 'O4-134647', 'DEK8EU16001097', 'A114035', '2016-10-15', '2016-10-15', '2021-10-15', 0, NULL, 25899.34, 1, 1, NULL, 8949.53, '2025-03-12 22:05:57', '2025-03-12 22:05:57'),
(96, 5, '49482', 'Technogym', 'Excite Run 1000 Med', 'Treadmill', 'O4-134648', 'DEK8EU16001116', 'A114036', '2016-10-15', '2016-10-15', '2021-10-15', 0, NULL, 25899.34, 1, 1, NULL, 8949.53, '2025-03-12 22:05:57', '2025-03-12 22:05:57'),
(97, 5, '49483', 'Technogym', 'Excite Run 1000 Med', 'Treadmill', 'O4-134649', 'DEK8EU16001117', 'A114037', '2016-10-15', '2016-10-15', '2021-10-15', 0, NULL, 25899.34, 1, 1, NULL, 8949.53, '2025-03-12 22:05:57', '2025-03-12 22:05:57'),
(98, 5, '49484', 'Technogym', 'Excite Run 1000 Med', 'Treadmill', 'O4-134650', 'DEK8EU16001121', 'A114021', '2016-10-15', '2016-10-15', '2021-10-15', 0, NULL, 25899.34, 1, 1, NULL, 8949.53, '2025-03-12 22:05:57', '2025-03-12 22:05:57'),
(99, 5, '49485', 'Technogym', 'Excite Run 1000 Med', 'Treadmill', 'O4-134651', 'DEK8EU16001122', 'A114039', '2016-10-15', '2016-10-15', '2021-10-15', 0, NULL, 25899.34, 1, 1, NULL, 8949.53, '2025-03-12 22:05:57', '2025-03-12 22:05:57'),
(100, 5, '49486', 'Technogym', 'Excite Run 1000 Med', 'Treadmill', 'O4-134652', 'DEK8EU16001137', 'A114040', '2016-10-15', '2016-10-15', '2021-10-15', 0, NULL, 25899.34, 1, 1, NULL, 8949.53, '2025-03-12 22:05:57', '2025-03-12 22:05:57'),
(101, 5, '49487', 'Technogym', 'Excite Run 1000 Med', 'Treadmill', 'O4-134653', 'DEK8EU16001138', 'A114041', '2016-10-15', '2016-10-15', '2021-10-15', 0, NULL, 25899.34, 1, 1, NULL, 8949.53, '2025-03-12 22:05:57', '2025-03-12 22:05:57'),
(102, 5, '49488', 'Technogym', 'Excite Run 1000 Med', 'Treadmill', 'O4-134654', 'DEK8EU16001139', 'A114042', '2016-10-15', '2016-10-15', '2021-10-15', 0, NULL, 25899.34, 1, 1, NULL, 8949.53, '2025-03-12 22:05:57', '2025-03-12 22:05:57'),
(103, 5, '49489', 'Technogym', 'Excite Run 1000 Med', 'Treadmill', 'O4-134655', 'DEK8EU16001140', 'A114043', '2016-10-15', '2016-10-15', '2021-10-15', 0, NULL, 25899.34, 1, 1, NULL, 8949.53, '2025-03-12 22:05:57', '2025-03-12 22:05:57'),
(104, 5, '49490', 'Technogym', 'Excite Run 1000 Med', 'Treadmill', 'O4-134656', 'DEK8EU16001141', 'A114044', '2016-10-15', '2016-10-15', '2021-10-15', 0, NULL, 25899.34, 1, 1, NULL, 8949.53, '2025-03-12 22:05:57', '2025-03-12 22:05:57'),
(105, 5, '49491', 'Technogym', 'Excite Run 1000 Med', 'Treadmill', 'O4-134657', 'DEK8EU16001142', 'A114045', '2016-10-15', '2016-10-15', '2021-10-15', 0, NULL, 25899.34, 1, 1, NULL, 8949.53, '2025-03-12 22:05:57', '2025-03-12 22:05:57'),
(106, 5, '49492', 'Technogym', 'Excite Step 1000', 'Stepper', 'O4-134658', 'DE383U16000077', 'A114053', '2016-10-15', '2016-10-15', '2021-10-15', 0, NULL, 7769.85, 1, 1, NULL, 5369.72, '2025-03-12 22:05:57', '2025-03-12 22:05:57'),
(107, 5, '49493', 'Technogym', 'Excite Step 1000', 'Stepper', 'O4-134659', 'DE383U16000078', 'A114054', '2016-10-15', '2016-10-15', '2021-10-15', 0, NULL, 7769.85, 1, 1, NULL, 5369.72, '2025-03-12 22:05:57', '2025-03-12 22:05:57'),
(108, 5, '49494', 'Technogym', 'Excite Synchro 1000 Unity', 'Crosstrainer', 'O4-134660', 'DE583U16000407', 'A114060', '2016-10-15', '2016-10-15', '2021-10-15', 0, NULL, 14503.73, 1, 1, NULL, 7457.94, '2025-03-12 22:05:57', '2025-03-12 22:05:57'),
(109, 5, '49495', 'Technogym', 'Excite Synchro 1000 Unity', 'Crosstrainer', 'O4-134661', 'DE583U16000608', 'A114062', '2016-10-15', '2016-10-15', '2021-10-15', 0, NULL, 14503.73, 1, 1, NULL, 7457.94, '2025-03-12 22:05:57', '2025-03-12 22:05:57'),
(110, 5, '49496', 'Technogym', 'Excite Synchro 1000 Unity', 'Crosstrainer', 'O4-134662', 'DE583U16000609', 'A114063', '2016-10-15', '2016-10-15', '2021-10-15', 0, NULL, 14503.73, 1, 1, NULL, 7457.94, '2025-03-12 22:05:57', '2025-03-12 22:05:57'),
(111, 5, '49497', 'Technogym', 'Excite Top 1000', 'Upper Body Cardio', 'O4-134663', 'DE783U16000113', 'A114064', '2016-10-15', '2016-10-15', '2021-10-15', 0, NULL, 10359.87, 1, 1, NULL, 8949.53, '2025-03-12 22:05:57', '2025-03-12 22:05:57'),
(112, 5, '49498', 'Technogym', 'Excite Top 1000', 'Upper Body Cardio', 'O4-134664', 'DE783U16000114', 'A114065', '2016-10-15', '2016-10-15', '2021-10-15', 0, NULL, 10359.87, 1, 1, NULL, 8949.53, '2025-03-12 22:05:57', '2025-03-12 22:05:57'),
(113, 5, '49499', 'Technogym', 'Excite Vario 1000 Unity', 'AMT/Vario/Flexstrider/Ascent', 'O4-134665', 'DEF83U16000424', 'A114069', '2016-10-15', '2016-10-15', '2021-10-15', 0, NULL, 14503.73, 1, 1, NULL, 8846.72, '2025-03-12 22:05:57', '2025-03-12 22:05:57'),
(114, 5, '49500', 'Technogym', 'Excite Vario 1000 Unity', 'AMT/Vario/Flexstrider/Ascent', 'O4-134666', 'DEF83U16000427', 'A114071', '2016-10-15', '2016-10-15', '2021-10-15', 0, NULL, 14503.73, 1, 1, NULL, 8846.72, '2025-03-12 22:05:57', '2025-03-12 22:05:57'),
(115, 5, '49501', 'Technogym', 'Excite Vario 1000 Unity', 'AMT/Vario/Flexstrider/Ascent', 'O4-134667', 'DEF83U16000505', 'A114074', '2016-10-15', '2016-10-15', '2021-10-15', 0, NULL, 14503.73, 1, 1, NULL, 8846.72, '2025-03-12 22:05:57', '2025-03-12 22:05:57'),
(116, 5, '49502', 'Technogym', 'Excite Vario 1000 Unity', 'AMT/Vario/Flexstrider/Ascent', 'O4-134668', 'DEF83U16000510', 'A114076', '2016-10-15', '2016-10-15', '2021-10-15', 0, NULL, 14503.73, 1, 1, NULL, 8846.72, '2025-03-12 22:05:57', '2025-03-12 22:05:57'),
(117, 5, '49503', 'Technogym', 'Plate Tree', 'Olympic Weight Tree', 'O4-134669', 'A000023116100233', 'A113968', '2016-10-15', '2016-10-15', '2021-10-15', 0, NULL, 3625.99, 1, 0, NULL, 745.79, '2025-03-12 22:05:57', '2025-03-12 22:05:57'),
(118, 5, '49504', 'Technogym', 'Plate Tree', 'Olympic Weight Tree', 'O4-134670', 'A000023116100235', 'A113969', '2016-10-15', '2016-10-15', '2021-10-15', 0, NULL, 3625.99, 1, 0, NULL, 745.79, '2025-03-12 22:05:57', '2025-03-12 22:05:57'),
(119, 5, '49505', 'Technogym', 'Plate Tree', 'Olympic Weight Tree', 'O4-134671', 'A000023116100243', 'A113970', '2016-10-15', '2016-10-15', '2021-10-15', 0, NULL, 3625.99, 1, 0, NULL, 745.79, '2025-03-12 22:05:57', '2025-03-12 22:05:57'),
(120, 5, '49506', 'Technogym', 'Plate Tree', 'Olympic Weight Tree', 'O4-134672', 'A000023116100244', 'A113971', '2016-10-15', '2016-10-15', '2021-10-15', 0, NULL, 3625.99, 1, 0, NULL, 745.79, '2025-03-12 22:05:57', '2025-03-12 22:05:57'),
(121, 5, '49507', 'Technogym', 'Plate Tree', 'Olympic Weight Tree', 'O4-134673', 'A000023116100245', 'A113972', '2016-10-15', '2016-10-15', '2021-10-15', 0, NULL, 3625.99, 1, 0, NULL, 745.79, '2025-03-12 22:05:57', '2025-03-12 22:05:57'),
(122, 5, '49508', 'Technogym', 'Plate Tree', 'Olympic Weight Tree', 'O4-134674', 'A000023116100247', 'A113973', '2016-10-15', '2016-10-15', '2021-10-15', 0, NULL, 3625.99, 1, 0, NULL, 745.79, '2025-03-12 22:05:57', '2025-03-12 22:05:57'),
(123, 5, '49509', 'Technogym', 'Pure Strength', 'Adjustable Bench', 'O4-134675', 'PG0416001252', 'A113927', '2016-10-15', '2016-10-15', '2021-10-15', 0, NULL, 3625.99, 1, 0, NULL, 3579.81, '2025-03-12 22:05:57', '2025-03-12 22:05:57'),
(124, 5, '49510', 'Technogym', 'Pure Strength', 'Adjustable Bench', 'O4-134676', 'PG0416001253', 'A113928', '2016-10-15', '2016-10-15', '2021-10-15', 0, NULL, 3625.99, 1, 0, NULL, 3579.81, '2025-03-12 22:05:57', '2025-03-12 22:05:57'),
(125, 5, '49511', 'Technogym', 'Pure Strength', 'Adjustable Bench', 'O4-134677', 'PG0416001254', 'A113929', '2016-10-15', '2016-10-15', '2021-10-15', 0, NULL, 3625.99, 1, 0, NULL, 3579.81, '2025-03-12 22:05:57', '2025-03-12 22:05:57'),
(126, 5, '49512', 'Technogym', 'Pure Strength', 'Adjustable Bench', 'O4-134678', 'PG0416001255', 'A113930', '2016-10-15', '2016-10-15', '2021-10-15', 0, NULL, 3625.99, 1, 0, NULL, 3579.81, '2025-03-12 22:05:57', '2025-03-12 22:05:57'),
(127, 5, '49513', 'Technogym', 'Pure Strength', 'Adjustable Bench', 'O4-134679', 'PG0416001256', 'A113931', '2016-10-15', '2016-10-15', '2021-10-15', 0, NULL, 3625.99, 1, 0, NULL, 3579.81, '2025-03-12 22:05:57', '2025-03-12 22:05:57'),
(128, 5, '49514', 'Technogym', 'Pure Strength', 'Adjustable Bench', 'O4-134680', 'PG0416001257', 'A113932', '2016-10-15', '2016-10-15', '2021-10-15', 0, NULL, 3625.99, 1, 0, NULL, 3579.81, '2025-03-12 22:05:57', '2025-03-12 22:05:57'),
(129, 5, '49515', 'Technogym', 'Pure Strength', 'Adjustable Bench', 'O4-134681', 'PG0416001258', 'A113933', '2016-10-15', '2016-10-15', '2021-10-15', 0, NULL, 3625.99, 1, 0, NULL, 3579.81, '2025-03-12 22:05:57', '2025-03-12 22:05:57'),
(130, 5, '49516', 'Technogym', 'Pure Strength', 'Adjustable Bench', 'O4-134682', 'PG0416001261', 'A113934', '2016-10-15', '2016-10-15', '2021-10-15', 0, NULL, 3625.99, 1, 0, NULL, 3579.81, '2025-03-12 22:05:57', '2025-03-12 22:05:57'),
(131, 5, '49517', 'Technogym', 'Pure Strength', 'Adjustable Bench', 'O4-134683', 'PG0416001262', 'A113935', '2016-10-15', '2016-10-15', '2021-10-15', 0, NULL, 3625.99, 1, 0, NULL, 3579.81, '2025-03-12 22:05:57', '2025-03-12 22:05:57'),
(132, 5, '49518', 'Technogym', 'Pure Strength', 'Adjustable Bench', 'O4-134684', 'PG0416001263', 'A113936', '2016-10-15', '2016-10-15', '2021-10-15', 0, NULL, 3625.99, 1, 0, NULL, 3579.81, '2025-03-12 22:05:57', '2025-03-12 22:05:57'),
(133, 5, '49519', 'Technogym', 'Pure Strength', 'Chest Press', 'O4-134685', 'MG050016000148', 'A113959', '2016-10-15', '2016-10-15', '2021-10-15', 0, NULL, 4661.96, 1, 0, NULL, 7457.94, '2025-03-12 22:05:57', '2025-03-12 22:05:57'),
(134, 5, '49520', 'Technogym', 'Pure Strength', 'Lat Pulldown', 'O4-134686', 'MG200016000118', 'A114077', '2016-10-15', '2016-10-15', '2021-10-15', 0, NULL, 4661.96, 1, 0, NULL, 7457.94, '2025-03-12 22:05:57', '2025-03-12 22:05:57'),
(135, 5, '49521', 'Technogym', 'Pure Strength', 'Linear Leg Press', 'O4-134687', 'MG750016000021', 'A113997', '2016-10-15', '2016-10-15', '2021-10-15', 0, NULL, 4661.96, 1, 0, NULL, 10441.11, '2025-03-12 22:05:57', '2025-03-12 22:05:57'),
(136, 5, '49522', 'Technogym', 'Pure Strength', 'Olympic Flat Bench Press', 'O4-134688', 'PG0716009020', 'A114005', '2016-10-15', '2016-10-15', '2021-10-15', 0, NULL, 3625.99, 1, 0, NULL, 5316.02, '2025-03-12 22:05:57', '2025-03-12 22:05:57'),
(137, 5, '49523', 'Technogym', 'Pure Strength', 'Olympic Flat Bench Press', 'O4-134689', 'PG0716009021', 'A114006', '2016-10-15', '2016-10-15', '2021-10-15', 0, NULL, 3625.99, 1, 0, NULL, 5316.02, '2025-03-12 22:05:57', '2025-03-12 22:05:57'),
(138, 5, '49524', 'Technogym', 'Pure Strength', 'Olympic Half Rack', 'O4-134690', 'PG1016000150', 'A123596', '2017-03-31', '2017-03-31', '2022-03-31', 0, NULL, 3625.99, 1, 0, NULL, 6104.04, '2025-03-12 22:05:57', '2025-03-12 22:05:57'),
(139, 5, '49525', 'Technogym', 'Pure Strength', 'Olympic Half Rack', 'O4-134691', 'PG1016000151', 'A123597', '2017-03-31', '2017-03-31', '2022-03-31', 0, NULL, 3625.99, 1, 0, NULL, 6104.04, '2025-03-12 22:05:57', '2025-03-12 22:05:57'),
(140, 5, '49526', 'Technogym', 'Pure Strength', 'Olympic Incline Bench Press', 'O4-134692', 'PG0116009012', 'A114009', '2016-10-15', '2016-10-15', '2021-10-15', 0, NULL, 3625.99, 1, 0, NULL, 3579.81, '2025-03-12 22:05:57', '2025-03-12 22:05:57'),
(141, 5, '49527', 'Technogym', 'Pure Strength', 'Olympic Incline Bench Press', 'O4-134693', 'PG0116009013', 'A114010', '2016-10-15', '2016-10-15', '2021-10-15', 0, NULL, 3625.99, 1, 0, NULL, 3579.81, '2025-03-12 22:05:57', '2025-03-12 22:05:57'),
(142, 5, '49528', 'Technogym', 'Pure Strength', 'Row', 'O4-134694', 'MG300016000001', 'A114020', '2016-10-15', '2016-10-15', '2021-10-15', 0, NULL, 4661.96, 1, 0, NULL, 7457.94, '2025-03-12 22:05:57', '2025-03-12 22:05:57'),
(143, 5, '49529', 'Technogym', 'Pure Strength', 'Shoulder Press', 'O4-134695', 'MG350016000151', 'A114047', '2016-10-15', '2016-10-15', '2021-10-15', 0, NULL, 4661.96, 1, 0, NULL, 7457.94, '2025-03-12 22:05:57', '2025-03-12 22:05:57'),
(144, 5, '49530', 'Technogym', 'Selection Line', 'Abductor', 'O4-134696', 'ML18NN16100100', 'A113937', '2016-10-15', '2016-10-15', '2021-10-15', 0, NULL, 6733.88, 1, 0, NULL, 8949.53, '2025-03-12 22:05:57', '2025-03-12 22:05:57'),
(145, 5, '49531', 'Technogym', 'Selection Line', 'Adductor', 'O4-134697', 'ML17NN16100106', 'A113939', '2016-10-15', '2016-10-15', '2021-10-15', 0, NULL, 6733.88, 1, 0, NULL, 8949.53, '2025-03-12 22:05:57', '2025-03-12 22:05:57'),
(146, 5, '49532', 'Technogym', 'Selection Line', 'Bicep Curl', 'O4-134698', 'ML92NN16100095', 'A113940', '2016-10-15', '2016-10-15', '2021-10-15', 0, NULL, 6733.88, 1, 0, NULL, 10580.17, '2025-03-12 22:05:57', '2025-03-12 22:05:57'),
(147, 5, '49533', 'Technogym', 'Selection Line', 'Chest Press', 'O4-134699', 'ML70NN16100178', 'A113957', '2016-10-15', '2016-10-15', '2021-10-15', 0, NULL, 6733.88, 1, 0, NULL, 8949.53, '2025-03-12 22:05:57', '2025-03-12 22:05:57'),
(148, 5, '49534', 'Technogym', 'Selection Line', 'Chest Press', 'O4-134700', 'ML70NN16100185', 'A113956', '2016-10-15', '2016-10-15', '2021-10-15', 0, NULL, 6733.88, 1, 0, NULL, 8949.53, '2025-03-12 22:05:57', '2025-03-12 22:05:57'),
(149, 5, '49535', 'Technogym', 'Selection Line', 'Leg Extension', 'O4-134701', 'ML91NN16100200', 'A113993', '2016-10-15', '2016-10-15', '2021-10-15', 0, NULL, 6733.88, 1, 0, NULL, 8949.53, '2025-03-12 22:05:57', '2025-03-12 22:05:57'),
(150, 5, '49536', 'Technogym', 'Selection Line', 'Leg Extension', 'O4-134702', 'ML91NN16100201', 'A113994', '2016-10-15', '2016-10-15', '2021-10-15', 0, NULL, 6733.88, 1, 0, NULL, 8949.53, '2025-03-12 22:05:57', '2025-03-12 22:05:57'),
(151, 5, '49537', 'Technogym', 'Selection Line', 'Low Row', 'O4-134703', 'ML80NN16100146', 'A113998', '2016-10-15', '2016-10-15', '2021-10-15', 0, NULL, 6733.88, 1, 0, NULL, 10580.17, '2025-03-12 22:05:57', '2025-03-12 22:05:57'),
(152, 5, '49538', 'Technogym', 'Selection Line', 'Low Row', 'O4-134704', 'ML80NN16100153', 'A113999', '2016-10-15', '2016-10-15', '2021-10-15', 0, NULL, 6733.88, 1, 0, NULL, 10580.17, '2025-03-12 22:05:57', '2025-03-12 22:05:57'),
(153, 5, '49539', 'Technogym', 'Selection Line', 'Low Row', 'O4-134705', 'ML80NN18100128', 'A141646', '2018-10-12', '2018-10-12', '2023-10-12', 0, NULL, 9320.17, 1, 0, NULL, 12207.84, '2025-03-12 22:05:57', '2025-03-12 22:05:57'),
(154, 5, '49540', 'Technogym', 'Selection Line', 'Lower Back', 'O4-134706', 'ML58NN16100105', 'A114001', '2016-10-15', '2016-10-15', '2021-10-15', 0, NULL, 6733.88, 1, 0, NULL, 8949.53, '2025-03-12 22:05:57', '2025-03-12 22:05:57'),
(155, 5, '49541', 'Technogym', 'Selection Line', 'Multi Power', 'O4-134707', 'M95316100384', 'A114003', '2016-10-15', '2016-10-15', '2021-10-15', 0, NULL, 6733.88, 1, 0, NULL, 5966.35, '2025-03-12 22:05:57', '2025-03-12 22:05:57'),
(156, 5, '49542', 'Technogym', 'Selection Line', 'Multi Power', 'O4-134708', 'M95316100387', 'A114002', '2016-10-15', '2016-10-15', '2021-10-15', 0, NULL, 6733.88, 1, 0, NULL, 5966.35, '2025-03-12 22:05:57', '2025-03-12 22:05:57'),
(157, 5, '49543', 'Technogym', 'Selection Line', 'Pec Fly', 'O4-134709', 'ML13NN16100147', 'A114013', '2016-10-15', '2016-10-15', '2021-10-15', 0, NULL, 6733.88, 1, 0, NULL, 8949.53, '2025-03-12 22:05:57', '2025-03-12 22:05:57'),
(158, 5, '49544', 'Technogym', 'Selection Line', 'Seated Leg Curl', 'O4-134710', 'ML90NN16100157', 'A113989', '2016-10-15', '2016-10-15', '2021-10-15', 0, NULL, 6733.88, 1, 0, NULL, 8949.53, '2025-03-12 22:05:57', '2025-03-12 22:05:57'),
(159, 5, '49545', 'Technogym', 'Selection Line', 'Seated Leg Curl', 'O4-134711', 'ML90NN16100168', 'A113990', '2016-10-15', '2016-10-15', '2021-10-15', 0, NULL, 6733.88, 1, 0, NULL, 8949.53, '2025-03-12 22:05:57', '2025-03-12 22:05:57'),
(160, 5, '49546', 'Technogym', 'Selection Line', 'Seated Leg Press', 'O4-134712', 'ML51NN16100222', 'A113995', '2016-10-15', '2016-10-15', '2021-10-15', 0, NULL, 6733.88, 1, 0, NULL, 8949.53, '2025-03-12 22:05:57', '2025-03-12 22:05:57'),
(161, 5, '49547', 'Technogym', 'Selection Line', 'Seated Leg Press', 'O4-134713', 'ML51NN16100368', 'A120325', '2017-02-21', '2017-02-21', '2022-02-21', 0, NULL, 6733.88, 1, 0, NULL, 9637.95, '2025-03-12 22:05:57', '2025-03-12 22:05:57'),
(162, 5, '49548', 'Technogym', 'Selection Line', 'Shoulder Press', 'O4-134714', 'ML69NN16100127', 'A114049', '2016-10-15', '2016-10-15', '2021-10-15', 0, NULL, 6733.88, 1, 0, NULL, 10580.17, '2025-03-12 22:05:57', '2025-03-12 22:05:57'),
(163, 5, '49549', 'Technogym', 'Selection Line', 'Shoulder Press', 'O4-134715', 'ML69NN16100129', 'A114048', '2016-10-15', '2016-10-15', '2021-10-15', 0, NULL, 6733.88, 1, 0, NULL, 10580.17, '2025-03-12 22:05:57', '2025-03-12 22:05:57'),
(164, 5, '49550', 'Technogym', 'Selection Line', 'Total Abdominal', 'O4-134716', 'ML83NN16100110', 'A114067', '2016-10-15', '2016-10-15', '2021-10-15', 0, NULL, 6733.88, 1, 0, NULL, 10580.17, '2025-03-12 22:05:57', '2025-03-12 22:05:57'),
(165, 5, '49551', 'Technogym', 'Selection Line', 'Total Abdominal', 'O4-134717', 'ML83NN16100111', 'A114066', '2016-10-15', '2016-10-15', '2021-10-15', 0, NULL, 6733.88, 1, 0, NULL, 10580.17, '2025-03-12 22:05:57', '2025-03-12 22:05:57'),
(166, 5, '49552', 'Technogym', 'Selection Line (M812, M912, ML12)', 'Lat Pulldown', 'O4-134718', 'ML12NN16100116', 'A113984', '2016-10-15', '2016-10-15', '2021-10-15', 0, NULL, 6733.88, 1, 0, NULL, 8949.53, '2025-03-12 22:05:57', '2025-03-12 22:05:57'),
(167, 5, '49553', 'Technogym', 'Selection Line (M812, M912, ML12)', 'Lat Pulldown', 'O4-134719', 'ML12NN16100124', 'A113985', '2016-10-15', '2016-10-15', '2021-10-15', 0, NULL, 6733.88, 1, 0, NULL, 8949.53, '2025-03-12 22:05:57', '2025-03-12 22:05:57'),
(168, 5, '49554', 'Technogym', 'Skillmill', 'Sports Performance Treadmill', 'O4-134720', 'DJK03D16001800', 'A114050', '2016-10-15', '2016-10-15', '2021-10-15', 0, NULL, 10359.87, 1, 1, NULL, 11932.7, '2025-03-12 22:05:57', '2025-03-12 22:05:57'),
(169, 5, '49555', 'Technogym', 'Skillmill', 'Sports Performance Treadmill', 'O4-134721', 'DJK03D16001801', 'A114051', '2016-10-15', '2016-10-15', '2021-10-15', 0, NULL, 10359.87, 1, 1, NULL, 11932.7, '2025-03-12 22:05:57', '2025-03-12 22:05:57'),
(170, 5, '49556', 'Technogym', 'Skillmill', 'Sports Performance Treadmill', 'O4-134722', 'DJK03D16001808', 'A114052', '2016-10-15', '2016-10-15', '2021-10-15', 0, NULL, 10359.87, 1, 1, NULL, 11932.7, '2025-03-12 22:05:57', '2025-03-12 22:05:57'),
(171, 5, '49557', 'Technogym', 'Skillmill', 'Sports Performance Treadmill', 'O4-134723', 'DJK04D18000066', 'A136067', '2018-06-11', '2018-06-11', '2023-06-11', 0, NULL, 12188.05, 1, 1, NULL, 13768.5, '2025-03-12 22:05:57', '2025-03-12 22:05:57'),
(172, 5, '49558', 'Technogym', 'Skillmill', 'Sports Performance Treadmill', 'O4-134724', 'DJK04D18000067', 'A136068', '2018-06-11', '2018-06-11', '2023-06-11', 0, NULL, 12188.05, 1, 1, NULL, 13768.5, '2025-03-12 22:05:57', '2025-03-12 22:05:57'),
(173, 5, '49559', 'Technogym', 'Skillmill', 'Sports Performance Treadmill', 'O4-134725', 'DJK04D18000070', 'A136069', '2018-06-11', '2018-06-11', '2023-06-11', 0, NULL, 12188.05, 1, 1, NULL, 13768.5, '2025-03-12 22:05:57', '2025-03-12 22:05:57'),
(174, 5, '49560', 'Technogym', 'Skillmill', 'Sports Performance Treadmill', 'O4-134726', 'DJK04D18000073', 'A136070', '2018-06-11', '2018-06-11', '2023-06-11', 0, NULL, 12188.05, 1, 1, NULL, 13768.5, '2025-03-12 22:05:57', '2025-03-12 22:05:57'),
(175, 5, '49561', 'Technogym', 'Skillmill', 'Sports Performance Treadmill', 'O4-134727', 'DJK04D18000077', 'A136071', '2018-06-11', '2018-06-11', '2023-06-11', 0, NULL, 12188.05, 1, 1, NULL, 13768.5, '2025-03-12 22:05:57', '2025-03-12 22:05:57'),
(176, 5, '49562', 'Technogym', 'Skillmill', 'Sports Performance Treadmill', 'O4-134728', 'DJK04D18000135', 'A136072', '2018-06-11', '2018-06-11', '2023-06-11', 0, NULL, 12188.05, 1, 1, NULL, 13768.5, '2025-03-12 22:05:57', '2025-03-12 22:05:57'),
(177, 5, '49563', 'Zest', 'Multi-Purpose Bank', 'Utility Bench', 'O4-134729', '94269', 'A115038', '2016-09-29', '2016-09-29', '2021-09-29', 0, NULL, 0, 1, 0, NULL, 0, '2025-03-12 22:05:57', '2025-03-12 22:05:57'),
(178, 5, '49564', 'Zest', 'Multi-Purpose Bank', 'Utility Bench', 'O4-134730', '94270', 'A115039', '2016-09-29', '2016-09-29', '2021-09-29', 0, NULL, 0, 1, 0, NULL, 0, '2025-03-12 22:05:57', '2025-03-12 22:05:57'),
(179, 5, '49565', 'Zest', 'Multi-Purpose Bank', 'Utility Stool', 'O4-134731', '94268', 'A115037', '2016-09-29', '2016-09-29', '2021-09-29', 0, NULL, 0, 1, 0, NULL, 0, '2025-03-12 22:05:57', '2025-03-12 22:05:57'),
(180, 5, '49566', 'Zest', 'Plate Loaded', '45 Degree Pull', 'O4-134732', '95151', 'A136278', '2018-08-07', '2018-08-07', '2023-08-07', 0, NULL, 0, 1, 0, NULL, 0, '2025-03-12 22:05:57', '2025-03-12 22:05:57'),
(181, 5, '49567', 'Zest', 'Plate Loaded', 'Low Row', 'O4-134733', '94960', 'A136280', '2018-08-07', '2018-08-07', '2023-08-07', 0, NULL, 0, 1, 0, NULL, 0, '2025-03-12 22:05:57', '2025-03-12 22:05:57'),
(182, 5, '49568', 'Zest', 'Plate Loaded', 'Lying Leg Curl', 'O4-134734', '94265', 'A115034', '2016-09-29', '2016-09-29', '2021-09-29', 0, NULL, 0, 1, 0, NULL, 0, '2025-03-12 22:05:57', '2025-03-12 22:05:57'),
(183, 5, '49569', 'Zest', 'Plate Loaded', 'Seated Calf Press', 'O4-134735', '94267', 'A115036', '2016-09-29', '2016-09-29', '2021-09-29', 0, NULL, 0, 1, 0, NULL, 0, '2025-03-12 22:05:57', '2025-03-12 22:05:57'),
(184, 5, '49570', 'Zest', 'Plate Loaded', 'Sissy Squat', 'O4-134736', '94689', 'A123759', '2017-05-11', '2017-05-11', '2022-05-11', 0, NULL, 0, 1, 0, NULL, 0, '2025-03-12 22:05:57', '2025-03-12 22:05:57'),
(185, 5, '49571', 'Zest', 'Plate Loaded', 'Standing Calf', 'O4-134737', '94266', 'A115035', '2016-09-29', '2016-09-29', '2021-09-29', 0, NULL, 0, 1, 0, NULL, 0, '2025-03-12 22:05:57', '2025-03-12 22:05:57'),
(186, 5, '49572', 'Zest', 'Toaster Rack', 'Horizontal Bumper Rack', 'O4-134738', '94272', 'A115041', '2016-09-29', '2016-09-29', '2021-09-29', 0, NULL, 0, 1, 0, NULL, 0, '2025-03-12 22:05:57', '2025-03-12 22:05:57'),
(187, 5, '49573', 'Zest', 'Toaster Rack', 'Horizontal Bumper Rack', 'O4-134739', '94273', 'A115042', '2016-09-29', '2016-09-29', '2021-09-29', 0, NULL, 0, 1, 0, NULL, 0, '2025-03-12 22:05:57', '2025-03-12 22:05:57'),
(188, 5, '53086', 'Assault Fitness', 'Classic Assault Bike', 'High Performance Bike', 'O4-134743', 'A2110BB1078', NULL, '2016-09-29', '2016-09-29', '2021-09-29', 0, NULL, 6733.88, 1, 1, NULL, 2386.54, '2025-03-12 22:05:57', '2025-03-12 22:05:57'),
(189, 5, '53087', 'Assault Fitness', 'Classic Assault Bike', 'High Performance Bike', 'O4-134744', 'A2110BB1072', NULL, '2016-09-29', '2016-09-29', '2021-09-29', 0, NULL, 6733.88, 1, 1, NULL, 2386.54, '2025-03-12 22:05:57', '2025-03-12 22:05:57'),
(190, 5, '53088', 'Assault Fitness', 'Classic Assault Bike', 'High Performance Bike', 'O4-134745', 'A2110BB1081', NULL, '2016-09-29', '2016-09-29', '2021-09-29', 0, NULL, 6733.88, 1, 1, NULL, 2386.54, '2025-03-12 22:05:57', '2025-03-12 22:05:57'),
(191, 5, '53089', 'Concept 2', 'RowErg', 'Rower', 'O4-134750', '0119220-2712-4315635', NULL, '2016-09-29', '2016-09-29', '2021-09-29', 0, NULL, 3625.99, 1, 1, NULL, 3579.81, '2025-03-12 22:05:57', '2025-03-12 22:05:57'),
(192, 5, '53090', 'Concept 2', 'RowErg', 'Rower', 'O4-134748', '0119220-2712-4315638', NULL, '2016-09-29', '2016-09-29', '2021-09-29', 0, NULL, 3625.99, 1, 1, NULL, 3579.81, '2025-03-12 22:05:57', '2025-03-12 22:05:57'),
(193, 5, '53091', 'Concept 2', 'RowErg', 'Rower', 'O4-134749', '0119220-2712-4315637', NULL, '2016-09-29', '2016-09-29', '2021-09-29', 0, NULL, 3625.99, 1, 1, NULL, 3579.81, '2025-03-12 22:05:57', '2025-03-12 22:05:57'),
(194, 5, '53092', 'Concept 2', 'SkiErg', 'Upper Body Cardio', 'O4-134742', 'SN#530449295', NULL, '2016-09-29', '2016-09-29', '2021-09-29', 0, NULL, 6733.88, 1, 1, NULL, 2726.85, '2025-03-12 22:05:57', '2025-03-12 22:05:57'),
(195, 5, '53093', 'Concept 2', 'SkiErg', 'Upper Body Cardio', 'O4-134740', 'SN#530449830', NULL, '2016-09-29', '2016-09-29', '2021-09-29', 0, NULL, 6733.88, 1, 1, NULL, 2726.85, '2025-03-12 22:05:57', '2025-03-12 22:05:57'),
(196, 5, '53094', 'Concept 2', 'SkiErg', 'Upper Body Cardio', 'O4-134741', 'SN#530450049', NULL, '2016-09-29', '2016-09-29', '2021-09-29', 0, NULL, 6733.88, 1, 1, NULL, 2726.85, '2025-03-12 22:05:57', '2025-03-12 22:05:57'),
(197, 5, '53095', 'Technogym', 'Excite 1000', 'Stair Climber', 'O4-134751', 'DEE83B19000115', NULL, '2016-09-29', '2016-09-29', '2021-09-29', 0, NULL, 15539.69, 1, 1, NULL, 14915.88, '2025-03-12 22:05:57', '2025-03-12 22:05:57'),
(198, 5, '53096', 'Technogym', 'Pure Strength', 'Lower Back Bench', 'O4-134606', 'PG0512003040', NULL, '2016-09-29', '2016-09-29', '2021-09-29', 0, NULL, 3625.99, 1, 0, NULL, 2983.18, '2025-03-12 22:05:57', '2025-03-12 22:05:57'),
(199, 5, '53097', 'Technogym', 'Pure Strength', 'Lower Back Bench', 'O4-134607', 'PA0512000778', NULL, '2016-09-29', '2016-09-29', '2021-09-29', 0, NULL, 3625.99, 1, 0, NULL, 2983.18, '2025-03-12 22:05:57', '2025-03-12 22:05:57'),
(200, 5, '53098', 'Technogym', 'Pure Strength', 'Linear Leg Press', 'O4-134752', 'MG500016000024', NULL, '2016-09-29', '2016-09-29', '2021-09-29', 0, NULL, 4661.96, 1, 0, NULL, 10441.11, '2025-03-12 22:05:57', '2025-03-12 22:05:57'),
(201, 5, '53101', 'Total Gym', 'Elevate', 'Encompass Trainer', 'O4-134746', 'FCT1602450', NULL, '2016-09-29', '2016-09-29', '2021-09-29', 0, NULL, 3625.99, 1, 0, NULL, 0, '2025-03-12 22:05:57', '2025-03-12 22:05:57'),
(202, 5, '53102', 'Total Gym', 'Elevate', 'Encompass Trainer', 'O4-134747', 'FCT1602464', NULL, '2016-09-29', '2016-09-29', '2021-09-29', 0, NULL, 3625.99, 1, 0, NULL, 0, '2025-03-12 22:05:57', '2025-03-12 22:05:57'),
(203, 5, '56135', 'Wattbike', 'Pro/Trainer', 'High Performance Bike', 'O4-134754', '22042307', 'A178336', '2019-08-02', '2019-10-31', '2024-10-29', 0, NULL, 7591.23, 1, 1, NULL, 7403.09, '2025-03-12 22:05:57', '2025-03-12 22:05:57'),
(204, 5, '56136', 'Wattbike', 'Pro/Trainer', 'High Performance Bike', 'O4-134758', '22042328', 'A178339', '2016-09-29', '2019-10-31', '2024-10-29', 0, NULL, 7591.23, 1, 1, NULL, 7403.09, '2025-03-12 22:05:57', '2025-03-12 22:05:57'),
(205, 5, '56137', 'Wattbike', 'Pro/Trainer', 'High Performance Bike', 'O4-134757', '22042416', 'A178341', '2016-09-29', '2019-10-31', '2024-10-29', 0, NULL, 7591.23, 1, 1, NULL, 7403.09, '2025-03-12 22:05:57', '2025-03-12 22:05:57'),
(206, 5, '56138', 'Wattbike', 'Pro/Trainer', 'High Performance Bike', 'O4-134753', '22042434', 'A178346', '2016-09-29', '2019-10-31', '2024-10-29', 0, NULL, 7591.23, 1, 1, NULL, 7403.09, '2025-03-12 22:05:57', '2025-03-12 22:05:57'),
(207, 5, '56139', 'Wattbike', 'Pro/Trainer', 'High Performance Bike', 'O4-134756', '22053717', 'A185757', '2016-09-29', '2022-04-08', '2027-04-07', 0, NULL, 10506.74, 1, 1, NULL, 13768.5, '2025-03-12 22:05:57', '2025-03-12 22:05:57');

-- --------------------------------------------------------

--
-- Table structure for table `cache`
--

CREATE TABLE `cache` (
  `key` varchar(255) COLLATE utf8mb4_unicode_ci NOT NULL,
  `value` mediumtext COLLATE utf8mb4_unicode_ci NOT NULL,
  `expiration` int NOT NULL
) ENGINE=InnoDB DEFAULT CHARSET=utf8mb4 COLLATE=utf8mb4_unicode_ci;

-- --------------------------------------------------------

--
-- Table structure for table `cache_locks`
--

CREATE TABLE `cache_locks` (
  `key` varchar(255) COLLATE utf8mb4_unicode_ci NOT NULL,
  `owner` varchar(255) COLLATE utf8mb4_unicode_ci NOT NULL,
  `expiration` int NOT NULL
) ENGINE=InnoDB DEFAULT CHARSET=utf8mb4 COLLATE=utf8mb4_unicode_ci;

-- --------------------------------------------------------

--
-- Table structure for table `failed_jobs`
--

CREATE TABLE `failed_jobs` (
  `id` bigint UNSIGNED NOT NULL,
  `uuid` varchar(255) COLLATE utf8mb4_unicode_ci NOT NULL,
  `connection` text COLLATE utf8mb4_unicode_ci NOT NULL,
  `queue` text COLLATE utf8mb4_unicode_ci NOT NULL,
  `payload` longtext COLLATE utf8mb4_unicode_ci NOT NULL,
  `exception` longtext COLLATE utf8mb4_unicode_ci NOT NULL,
  `failed_at` timestamp NOT NULL DEFAULT CURRENT_TIMESTAMP
) ENGINE=InnoDB DEFAULT CHARSET=utf8mb4 COLLATE=utf8mb4_unicode_ci;

-- --------------------------------------------------------

--
-- Table structure for table `f_a_q_s`
--

CREATE TABLE `f_a_q_s` (
  `id` bigint UNSIGNED NOT NULL,
  `question` varchar(255) COLLATE utf8mb4_unicode_ci NOT NULL,
  `answer` longtext COLLATE utf8mb4_unicode_ci NOT NULL,
  `created_at` timestamp NULL DEFAULT NULL,
  `updated_at` timestamp NULL DEFAULT NULL
) ENGINE=InnoDB DEFAULT CHARSET=utf8mb4 COLLATE=utf8mb4_unicode_ci;

--
-- Dumping data for table `f_a_q_s`
--

INSERT INTO `f_a_q_s` (`id`, `question`, `answer`, `created_at`, `updated_at`) VALUES
(1, 'Why havent I received my payout?', 'Check your details are correct in the Payout tab in your Publisher Administration account. If everything looks correct and you still havent received your funds.', '2025-03-12 22:18:00', '2025-03-12 22:18:00'),
(2, 'Why havent I received my payout?', 'Check your details are correct in the Payout tab in your Publisher Administration account. If everything looks correct and you still havent received your funds.', '2025-03-12 22:18:26', '2025-03-12 22:18:26');

-- --------------------------------------------------------

--
-- Table structure for table `inspection_sheets`
--

CREATE TABLE `inspection_sheets` (
  `id` bigint UNSIGNED NOT NULL,
  `ticket_id` bigint UNSIGNED DEFAULT NULL,
  `support_agent_id` bigint UNSIGNED DEFAULT NULL,
  `technician_id` bigint UNSIGNED DEFAULT NULL,
  `inspection_sheet_type` varchar(255) COLLATE utf8mb4_unicode_ci NOT NULL DEFAULT 'New Sheets',
  `support_agent_comment` longtext COLLATE utf8mb4_unicode_ci,
  `technician_comment` longtext COLLATE utf8mb4_unicode_ci,
  `location_employee_signature` varchar(255) COLLATE utf8mb4_unicode_ci DEFAULT NULL,
  `image` json DEFAULT NULL,
  `video` json DEFAULT NULL,
  `status` varchar(255) COLLATE utf8mb4_unicode_ci NOT NULL DEFAULT 'New',
  `created_at` timestamp NULL DEFAULT NULL,
  `updated_at` timestamp NULL DEFAULT NULL
) ENGINE=InnoDB DEFAULT CHARSET=utf8mb4 COLLATE=utf8mb4_unicode_ci;

--
-- Dumping data for table `inspection_sheets`
--

INSERT INTO `inspection_sheets` (`id`, `ticket_id`, `support_agent_id`, `technician_id`, `inspection_sheet_type`, `support_agent_comment`, `technician_comment`, `location_employee_signature`, `image`, `video`, `status`, `created_at`, `updated_at`) VALUES
(1, 1, 2, 6, 'Open Sheets', 'support agent comment', NULL, NULL, '[\"174184225367d2674dee3672.jpg\", \"174184225367d2674dee6264.jpg\"]', '[\"174184225367d2674deed7avideo1.mp4\", \"174184225367d2674deef80video1.mp4\", \"174184225367d2674def08evideo2.mp4\"]', 'New', '2025-03-12 22:31:24', '2025-03-12 23:04:13'),
(2, 2, 2, 6, 'Open Sheets', 'support agent comment', 'esfdfsdgv', NULL, '[\"174184251567d26853d5d542.jpg\", \"174184251567d26853d5ff84.jpg\"]', '[\"174184251567d26853d6737video1.mp4\", \"174184251567d26853d690bvideo1.mp4\", \"174184251567d26853d6a0dvideo2.mp4\"]', 'Contract with user', '2025-03-12 22:31:32', '2025-03-12 23:08:35'),
(3, 3, 2, 6, 'New Sheets', 'support agent comment', NULL, NULL, '[]', '[]', 'New', '2025-03-12 22:31:37', '2025-03-12 22:31:37'),
(5, 1, 2, 6, 'Past Sheets', 'Saepe eum ea eligendi eligendi vel.', 'Et minus facilis nesciunt aut temporibus amet cupiditate.', 'https://via.placeholder.com/640x480.png/000011?text=placeat', '[\"https://via.placeholder.com/640x480.png/00ccff?text=quia\"]', '[\"http://ankunding.com/qui-omnis-dolorem-saepe-et-ab-aut\"]', 'Arrived in Location', '2025-03-13 00:07:37', '2025-03-13 00:07:37'),
(6, 1, 2, 6, 'Past Sheets', 'Cum animi provident dolores iusto non voluptates.', 'Voluptas sed veniam quo voluptates.', 'https://via.placeholder.com/640x480.png/005588?text=tempora', '[\"https://via.placeholder.com/640x480.png/006611?text=rem\"]', '[\"http://www.keeling.com/quidem-non-praesentium-nobis-sed-eveniet-illum-deleniti.html\"]', 'New', '2025-03-13 00:07:37', '2025-03-13 00:07:37'),
(7, 1, 2, 6, 'New Sheets', 'Dolore eaque sint assumenda iusto aut blanditiis.', 'Quidem odio veniam aut aut voluptatem nostrum et.', 'https://via.placeholder.com/640x480.png/007733?text=aut', '[\"https://via.placeholder.com/640x480.png/00bbdd?text=iste\"]', '[\"http://mcglynn.com/\"]', 'Contract with user', '2025-03-13 00:07:37', '2025-03-13 00:07:37'),
(8, 1, 2, 6, 'Open Sheets', 'Eos officia perferendis quis ipsam molestiae.', 'Quas aliquam qui fuga voluptas.', 'https://via.placeholder.com/640x480.png/00eeee?text=consequatur', '[\"https://via.placeholder.com/640x480.png/00ee77?text=odit\"]', '[\"http://dach.org/cum-maxime-atque-ut-voluptatibus-qui-ut-voluptates\"]', 'New', '2025-03-13 00:07:37', '2025-03-13 00:07:37'),
(9, 1, 2, 6, 'Open Sheets', 'Quam quo nihil sed id nihil.', 'Doloribus maiores accusamus tenetur et reprehenderit cumque quasi molestiae.', 'https://via.placeholder.com/640x480.png/00ff66?text=incidunt', '[\"https://via.placeholder.com/640x480.png/005500?text=corporis\"]', '[\"http://www.king.com/\"]', 'Solve the problem', '2025-03-13 00:07:37', '2025-03-13 00:07:37'),
(10, 1, 2, 6, 'Past Sheets', 'Sit inventore excepturi non.', 'Aperiam dignissimos nobis neque commodi quibusdam aut sed.', 'https://via.placeholder.com/640x480.png/0088dd?text=dolorem', '[\"https://via.placeholder.com/640x480.png/00ffdd?text=a\"]', '[\"http://dubuque.com/officiis-suscipit-est-sint-eligendi.html\"]', 'View the problem', '2025-03-13 00:07:37', '2025-03-13 00:07:37'),
(11, 1, 2, 6, 'Past Sheets', 'Id quisquam pariatur pariatur natus magni.', 'Voluptas omnis autem fugit eos.', 'https://via.placeholder.com/640x480.png/00cc55?text=ipsam', '[\"https://via.placeholder.com/640x480.png/002211?text=architecto\"]', '[\"http://www.jast.net/\"]', 'Arrived in Location', '2025-03-13 00:07:37', '2025-03-13 00:07:37'),
(12, 1, 2, 6, 'Past Sheets', 'Deleniti autem veniam necessitatibus atque facilis expedita.', 'Quibusdam voluptate vel sed rerum.', 'https://via.placeholder.com/640x480.png/00bbff?text=nulla', '[\"https://via.placeholder.com/640x480.png/00aa77?text=cum\"]', '[\"http://stark.com/voluptatem-aut-omnis-molestiae-suscipit-iste\"]', 'View the problem', '2025-03-13 00:07:37', '2025-03-13 00:07:37'),
(13, 1, 2, 6, 'Open Sheets', 'Est doloremque omnis neque debitis officiis dignissimos qui.', 'Et non quisquam et dignissimos repellat voluptas dolor qui.', 'https://via.placeholder.com/640x480.png/0099bb?text=maiores', '[\"https://via.placeholder.com/640x480.png/003333?text=iure\"]', '[\"http://rosenbaum.org/molestias-maiores-ut-eligendi-et-amet-et-libero.html\"]', 'New', '2025-03-13 00:07:37', '2025-03-13 00:07:37'),
(14, 1, 2, 6, 'Past Sheets', 'Sed et est molestiae dignissimos velit temporibus.', 'Officia possimus et commodi mollitia sed porro beatae.', 'https://via.placeholder.com/640x480.png/004466?text=et', '[\"https://via.placeholder.com/640x480.png/00aaaa?text=sed\"]', '[\"https://pfannerstill.com/esse-qui-quidem-quaerat-cumque-molestiae-sapiente-nam-totam.html\"]', 'Arrived in Location', '2025-03-13 00:07:37', '2025-03-13 00:07:37'),
(15, 1, 2, 6, 'New Sheets', 'Officia eius nisi officiis autem nesciunt eum nihil.', 'Dolores nihil ab esse quia.', 'https://via.placeholder.com/640x480.png/00ccee?text=beatae', '[\"https://via.placeholder.com/640x480.png/00aaaa?text=et\"]', '[\"http://www.breitenberg.com/libero-doloribus-eius-inventore-asperiores\"]', 'Completed', '2025-03-13 00:14:39', '2025-03-13 00:14:39'),
(16, 1, 2, 6, 'Open Sheets', 'Sequi ut fugiat sunt esse dolorum sint aperiam.', 'Et maiores rem autem aperiam laboriosam qui a ratione.', 'https://via.placeholder.com/640x480.png/001177?text=officiis', '[\"https://via.placeholder.com/640x480.png/00ee77?text=ut\"]', '[\"http://www.nitzsche.com/et-omnis-et-quo.html\"]', 'Solve the problem', '2025-03-13 00:14:39', '2025-03-13 00:14:39'),
(17, 1, 2, 6, 'Open Sheets', 'Id odit inventore rerum voluptatem ut.', 'Consectetur eum ipsam deleniti eum consectetur labore.', 'https://via.placeholder.com/640x480.png/001144?text=ut', '[\"https://via.placeholder.com/640x480.png/005511?text=minima\"]', '[\"https://www.mitchell.biz/quia-asperiores-sapiente-hic-sed-ratione-pariatur-architecto\"]', 'Completed', '2025-03-13 00:14:39', '2025-03-13 00:14:39'),
(18, 1, 2, 6, 'Past Sheets', 'Aut repellat pariatur voluptatem aut similique et voluptatem vel.', 'Sit voluptates sed non sint expedita nihil.', 'https://via.placeholder.com/640x480.png/00ddff?text=voluptatem', '[\"https://via.placeholder.com/640x480.png/00ee44?text=ipsum\"]', '[\"http://mcdermott.org/\"]', 'View the problem', '2025-03-13 00:14:39', '2025-03-13 00:14:39'),
(19, 1, 2, 6, 'Past Sheets', 'Accusantium asperiores dolorem aut sit veniam.', 'Modi esse numquam eligendi a non doloribus atque.', 'https://via.placeholder.com/640x480.png/0088cc?text=vel', '[\"https://via.placeholder.com/640x480.png/0044ee?text=dolor\"]', '[\"http://huel.org/aperiam-dicta-suscipit-et-soluta-aut-a\"]', 'View the problem', '2025-03-13 00:14:39', '2025-03-13 00:14:39'),
(20, 1, 2, 6, 'Past Sheets', 'Rem repellat vel animi et delectus beatae omnis fugit.', 'Molestiae molestias nostrum unde odio cumque vel.', 'https://via.placeholder.com/640x480.png/000055?text=nam', '[\"https://via.placeholder.com/640x480.png/002277?text=a\"]', '[\"http://murphy.com/quod-cupiditate-totam-nesciunt-amet-cupiditate-laudantium-explicabo\"]', 'New', '2025-03-13 00:14:39', '2025-03-13 00:14:39'),
(21, 1, 2, 6, 'Open Sheets', 'Rerum nisi dolor necessitatibus repellendus.', 'Pariatur iure dolorem ex omnis et nemo adipisci.', 'https://via.placeholder.com/640x480.png/0000dd?text=ea', '[\"https://via.placeholder.com/640x480.png/00eecc?text=aspernatur\"]', '[\"https://mueller.biz/suscipit-quidem-magni-ab-officiis-delectus-occaecati-repellendus.html\"]', 'Contract with user', '2025-03-13 00:14:39', '2025-03-13 00:14:39'),
(22, 1, 2, 6, 'New Sheets', 'Iusto consequatur non quidem asperiores.', 'Qui atque perferendis voluptatem nesciunt quibusdam suscipit non.', 'https://via.placeholder.com/640x480.png/0011ff?text=est', '[\"https://via.placeholder.com/640x480.png/002200?text=suscipit\"]', '[\"http://kiehn.com/sit-omnis-placeat-non-molestiae-fugit-labore-cum\"]', 'Completed', '2025-03-13 00:14:39', '2025-03-13 00:14:39'),
(23, 1, 2, 6, 'New Sheets', 'Natus quis facere eum atque sed et itaque accusantium.', 'Dolores doloribus praesentium repellat explicabo.', 'https://via.placeholder.com/640x480.png/0099ff?text=sequi', '[\"https://via.placeholder.com/640x480.png/00ddaa?text=sit\"]', '[\"http://kessler.com/\"]', 'New', '2025-03-13 00:14:39', '2025-03-13 00:14:39'),
(24, 1, 2, 6, 'Past Sheets', 'Sapiente placeat non accusantium qui voluptate repellat.', 'Quasi consectetur fugit eum omnis dolorem quam.', 'https://via.placeholder.com/640x480.png/0055bb?text=non', '[\"https://via.placeholder.com/640x480.png/007700?text=voluptatum\"]', '[\"https://runolfsdottir.com/qui-expedita-possimus-illum-qui-sed-fugit-voluptatem-et.html\"]', 'New', '2025-03-13 00:14:39', '2025-03-13 00:14:39');

-- --------------------------------------------------------

--
-- Table structure for table `jobs`
--

CREATE TABLE `jobs` (
  `id` bigint UNSIGNED NOT NULL,
  `queue` varchar(255) COLLATE utf8mb4_unicode_ci NOT NULL,
  `payload` longtext COLLATE utf8mb4_unicode_ci NOT NULL,
  `attempts` tinyint UNSIGNED NOT NULL,
  `reserved_at` int UNSIGNED DEFAULT NULL,
  `available_at` int UNSIGNED NOT NULL,
  `created_at` int UNSIGNED NOT NULL
) ENGINE=InnoDB DEFAULT CHARSET=utf8mb4 COLLATE=utf8mb4_unicode_ci;

-- --------------------------------------------------------

--
-- Table structure for table `job_batches`
--

CREATE TABLE `job_batches` (
  `id` varchar(255) COLLATE utf8mb4_unicode_ci NOT NULL,
  `name` varchar(255) COLLATE utf8mb4_unicode_ci NOT NULL,
  `total_jobs` int NOT NULL,
  `pending_jobs` int NOT NULL,
  `failed_jobs` int NOT NULL,
  `failed_job_ids` longtext COLLATE utf8mb4_unicode_ci NOT NULL,
  `options` mediumtext COLLATE utf8mb4_unicode_ci,
  `cancelled_at` int DEFAULT NULL,
  `created_at` int NOT NULL,
  `finished_at` int DEFAULT NULL
) ENGINE=InnoDB DEFAULT CHARSET=utf8mb4 COLLATE=utf8mb4_unicode_ci;

-- --------------------------------------------------------

--
-- Table structure for table `job_cards`
--

CREATE TABLE `job_cards` (
  `id` bigint UNSIGNED NOT NULL,
  `user_id` bigint UNSIGNED DEFAULT NULL,
  `ticket_id` bigint UNSIGNED DEFAULT NULL,
  `inspection_sheet_id` bigint UNSIGNED DEFAULT NULL,
  `job_card_type` varchar(255) COLLATE utf8mb4_unicode_ci NOT NULL DEFAULT 'New Cards',
  `support_agent_comment` longtext COLLATE utf8mb4_unicode_ci,
  `technician_comment` longtext COLLATE utf8mb4_unicode_ci,
  `location_employee_signature` longtext COLLATE utf8mb4_unicode_ci,
  `job_status` varchar(255) COLLATE utf8mb4_unicode_ci NOT NULL DEFAULT 'New',
  `created_at` timestamp NULL DEFAULT NULL,
  `updated_at` timestamp NULL DEFAULT NULL
) ENGINE=InnoDB DEFAULT CHARSET=utf8mb4 COLLATE=utf8mb4_unicode_ci;

--
-- Dumping data for table `job_cards`
--

INSERT INTO `job_cards` (`id`, `user_id`, `ticket_id`, `inspection_sheet_id`, `job_card_type`, `support_agent_comment`, `technician_comment`, `location_employee_signature`, `job_status`, `created_at`, `updated_at`) VALUES
(1, NULL, NULL, 1, 'New Cards', 'support agent comment', NULL, NULL, 'New', '2025-03-12 23:18:19', '2025-03-12 23:18:19'),
(2, NULL, NULL, 2, 'New Cards', 'support agent comment', NULL, NULL, 'New', '2025-03-12 23:18:50', '2025-03-12 23:18:50'),
(3, NULL, NULL, 2, 'New Cards', 'support agent comment', NULL, NULL, 'New', '2025-03-12 23:18:52', '2025-03-12 23:18:52');

-- --------------------------------------------------------

--
-- Table structure for table `maintainances`
--

CREATE TABLE `maintainances` (
  `id` bigint UNSIGNED NOT NULL,
  `user_id` bigint UNSIGNED DEFAULT NULL,
  `asset_id` bigint UNSIGNED DEFAULT NULL,
  `technician_id` bigint UNSIGNED DEFAULT NULL,
  `last_maintainance` date DEFAULT NULL,
  `next_schedule` date DEFAULT NULL,
  `checked` json DEFAULT NULL,
  `status` enum('RemindMeLetter','ContactToTechnician') COLLATE utf8mb4_unicode_ci NOT NULL DEFAULT 'RemindMeLetter',
  `reminder_category` enum('Weekly','Monthly','Yearly') COLLATE utf8mb4_unicode_ci NOT NULL DEFAULT 'Weekly',
  `created_at` timestamp NULL DEFAULT NULL,
  `updated_at` timestamp NULL DEFAULT NULL
) ENGINE=InnoDB DEFAULT CHARSET=utf8mb4 COLLATE=utf8mb4_unicode_ci;

-- --------------------------------------------------------

--
-- Table structure for table `messages`
--

CREATE TABLE `messages` (
  `id` bigint UNSIGNED NOT NULL,
  `sender_id` bigint UNSIGNED NOT NULL,
  `receiver_id` bigint UNSIGNED NOT NULL,
  `message` text COLLATE utf8mb4_unicode_ci NOT NULL,
  `is_read` tinyint(1) NOT NULL DEFAULT '0',
  `created_at` timestamp NULL DEFAULT NULL,
  `updated_at` timestamp NULL DEFAULT NULL
) ENGINE=InnoDB DEFAULT CHARSET=utf8mb4 COLLATE=utf8mb4_unicode_ci;

--
-- Dumping data for table `messages`
--

INSERT INTO `messages` (`id`, `sender_id`, `receiver_id`, `message`, `is_read`, `created_at`, `updated_at`) VALUES
(1, 1, 3, 'user message update', 0, '2025-03-12 23:16:33', '2025-03-12 23:16:33'),
(2, 1, 3, 'user message update', 0, '2025-03-12 23:16:41', '2025-03-12 23:16:41');

-- --------------------------------------------------------

--
-- Table structure for table `migrations`
--

CREATE TABLE `migrations` (
  `id` int UNSIGNED NOT NULL,
  `migration` varchar(255) COLLATE utf8mb4_unicode_ci NOT NULL,
  `batch` int NOT NULL
) ENGINE=InnoDB DEFAULT CHARSET=utf8mb4 COLLATE=utf8mb4_unicode_ci;

--
-- Dumping data for table `migrations`
--

INSERT INTO `migrations` (`id`, `migration`, `batch`) VALUES
(1, '0001_01_01_000000_create_users_table', 1),
(2, '0001_01_01_000001_create_cache_table', 1),
(3, '0001_01_01_000002_create_jobs_table', 1),
(4, '2024_01_13_040749_create_assets_table', 1),
(5, '2025_01_05_053553_create_personal_access_tokens_table', 1),
(6, '2025_01_05_110740_create_tickets_table', 1),
(7, '2025_01_06_043451_create_inspection_sheets_table', 1),
(8, '2025_01_14_092519_create_settings_table', 1),
(9, '2025_01_14_104037_create_f_a_q_s_table', 1),
(10, '2025_01_21_112821_create_job_cards_table', 1),
(11, '2025_01_23_092830_create_messages_table', 1),
(12, '2025_01_28_042946_create_maintainances_table', 1),
(13, '2025_02_03_111115_create_notifications_table', 1),
(14, '2025_03_02_013826_create_reports_table', 1);

-- --------------------------------------------------------

--
-- Table structure for table `notifications`
--

CREATE TABLE `notifications` (
  `id` char(36) COLLATE utf8mb4_unicode_ci NOT NULL,
  `type` varchar(255) COLLATE utf8mb4_unicode_ci NOT NULL,
  `notifiable_type` varchar(255) COLLATE utf8mb4_unicode_ci NOT NULL,
  `notifiable_id` bigint UNSIGNED NOT NULL,
  `data` text COLLATE utf8mb4_unicode_ci NOT NULL,
  `read_at` timestamp NULL DEFAULT NULL,
  `created_at` timestamp NULL DEFAULT NULL,
  `updated_at` timestamp NULL DEFAULT NULL
) ENGINE=InnoDB DEFAULT CHARSET=utf8mb4 COLLATE=utf8mb4_unicode_ci;

--
-- Dumping data for table `notifications`
--

INSERT INTO `notifications` (`id`, `type`, `notifiable_type`, `notifiable_id`, `data`, `read_at`, `created_at`, `updated_at`) VALUES
('039c9299-afe6-442c-9b4d-05c0c4bea00a', 'App\\Notifications\\NewTicketNotification', 'App\\Models\\User', 5, '{\"message\":\"A new ticket has been created by \",\"ticket_id\":3,\"product\":\"High Performance Bike\",\"serial_number\":\"A1804BB1145\",\"created_at\":\"2025-03-13T04:25:02.564352Z\"}', NULL, '2025-03-12 22:25:02', '2025-03-12 22:25:02'),
('04444a27-e1bc-4002-a9e9-e059e7d42ecf', 'App\\Notifications\\JobCardNotification', 'App\\Models\\User', 12, '{\"message\":\"A new job card has been created\",\"card_id\":2,\"product\":\"keyboard\",\"serial_number\":\"A1804BB11451\",\"cost\":null,\"created_at\":\"2025-03-13T05:18:50.203520Z\"}', NULL, '2025-03-12 23:18:50', '2025-03-12 23:18:50'),
('06150e3f-a3eb-4b8d-9f22-cc7dab7b2968', 'App\\Notifications\\JobCardNotification', 'App\\Models\\User', 4, '{\"message\":\"A new job card has been created\",\"card_id\":2,\"product\":\"keyboard\",\"serial_number\":\"A1804BB11451\",\"cost\":null,\"created_at\":\"2025-03-13T05:18:50.198188Z\"}', NULL, '2025-03-12 23:18:50', '2025-03-12 23:18:50'),
('07986515-c1ac-4082-950f-8b5a4225402c', 'App\\Notifications\\JobCardNotification', 'App\\Models\\User', 13, '{\"message\":\"A new job card has been created\",\"card_id\":3,\"product\":\"keyboard\",\"serial_number\":\"A1804BB11451\",\"cost\":null,\"created_at\":\"2025-03-13T05:18:52.526029Z\"}', NULL, '2025-03-12 23:18:52', '2025-03-12 23:18:52'),
('093e1c5b-207d-4d73-9d1e-322979200653', 'App\\Notifications\\InspectionSheetNotification', 'App\\Models\\User', 11, '{\"message\":\"A new inspection sheet has been created\",\"inspection_id\":4,\"product\":\"High Performance Bike\",\"serial_number\":\"A1804BB1145\",\"created_at\":\"2025-03-13T05:09:24.127119Z\"}', NULL, '2025-03-12 23:09:24', '2025-03-12 23:09:24'),
('0bde965d-df6c-46fd-bcd9-c6a66e91906f', 'App\\Notifications\\NewTicketNotification', 'App\\Models\\User', 11, '{\"message\":\"A new ticket has been created by \",\"ticket_id\":3,\"product\":\"High Performance Bike\",\"serial_number\":\"A1804BB1145\",\"created_at\":\"2025-03-13T04:25:02.566500Z\"}', NULL, '2025-03-12 22:25:02', '2025-03-12 22:25:02'),
('0d69702d-5e29-4f2f-a969-217c4d93f191', 'App\\Notifications\\NewTicketNotification', 'App\\Models\\User', 11, '{\"message\":\"A new ticket has been created by \",\"ticket_id\":2,\"product\":\"keyboard\",\"serial_number\":\"A1804BB11451\",\"created_at\":\"2025-03-13T04:24:58.459692Z\"}', NULL, '2025-03-12 22:24:58', '2025-03-12 22:24:58'),
('0fd72654-e486-492c-be7f-89e779d21d72', 'App\\Notifications\\InspectionSheetNotification', 'App\\Models\\User', 10, '{\"message\":\"A new inspection sheet has been created\",\"inspection_id\":3,\"product\":\"High Performance Bike\",\"serial_number\":\"A1804BB1145\",\"created_at\":\"2025-03-13T04:31:37.712238Z\"}', NULL, '2025-03-12 22:31:37', '2025-03-12 22:31:37'),
('0fdd4243-3ecb-4241-bfb0-6adcf685b171', 'App\\Notifications\\JobCardNotification', 'App\\Models\\User', 3, '{\"message\":\"A new job card has been created\",\"card_id\":2,\"product\":\"keyboard\",\"serial_number\":\"A1804BB11451\",\"cost\":null,\"created_at\":\"2025-03-13T05:18:50.197164Z\"}', NULL, '2025-03-12 23:18:50', '2025-03-12 23:18:50'),
('13bcffd0-8412-4919-9fcc-dbc9092db41a', 'App\\Notifications\\JobCardNotification', 'App\\Models\\User', 11, '{\"message\":\"A new job card has been created\",\"card_id\":2,\"product\":\"keyboard\",\"serial_number\":\"A1804BB11451\",\"cost\":null,\"created_at\":\"2025-03-13T05:18:50.202112Z\"}', NULL, '2025-03-12 23:18:50', '2025-03-12 23:18:50'),
('13c76b31-a7fa-40c9-9d56-479f3f6e3fa2', 'App\\Notifications\\NewTicketNotification', 'App\\Models\\User', 2, '{\"message\":\"A new ticket has been created by \",\"ticket_id\":1,\"product\":\"Rower\",\"serial_number\":\"0309160-2711-430250551\",\"created_at\":\"2025-03-13T04:24:47.634374Z\"}', NULL, '2025-03-12 22:24:47', '2025-03-12 22:24:47'),
('1766cf59-a56d-4885-b8fc-3913c13049eb', 'App\\Notifications\\InspectionSheetNotification', 'App\\Models\\User', 1, '{\"message\":\"A new inspection sheet has been created\",\"inspection_id\":1,\"product\":\"Rower\",\"serial_number\":\"0309160-2711-430250551\",\"created_at\":\"2025-03-13T04:31:24.063488Z\"}', NULL, '2025-03-12 22:31:24', '2025-03-12 22:31:24'),
('1b220392-e073-472d-bd75-4b106e8d025a', 'App\\Notifications\\NewTicketNotification', 'App\\Models\\User', 2, '{\"message\":\"A new ticket has been created by \",\"ticket_id\":3,\"product\":\"High Performance Bike\",\"serial_number\":\"A1804BB1145\",\"created_at\":\"2025-03-13T04:25:02.560308Z\"}', NULL, '2025-03-12 22:25:02', '2025-03-12 22:25:02'),
('1d2a1bcb-b693-489a-b653-d36b0012f0d9', 'App\\Notifications\\InspectionSheetNotification', 'App\\Models\\User', 6, '{\"message\":\"A new inspection sheet has been created\",\"inspection_id\":1,\"product\":\"Rower\",\"serial_number\":\"0309160-2711-430250551\",\"created_at\":\"2025-03-13T04:31:24.068656Z\"}', NULL, '2025-03-12 22:31:24', '2025-03-12 22:31:24'),
('1fba9f4d-3ff6-4a06-b86a-d6ce7994f9ab', 'App\\Notifications\\NewTicketNotification', 'App\\Models\\User', 12, '{\"message\":\"A new ticket has been created by \",\"ticket_id\":2,\"product\":\"keyboard\",\"serial_number\":\"A1804BB11451\",\"created_at\":\"2025-03-13T04:24:58.460763Z\"}', NULL, '2025-03-12 22:24:58', '2025-03-12 22:24:58'),
('1fea76cf-0b04-4607-806b-e18673b212b9', 'App\\Notifications\\JobCardNotification', 'App\\Models\\User', 12, '{\"message\":\"A new job card has been created\",\"card_id\":3,\"product\":\"keyboard\",\"serial_number\":\"A1804BB11451\",\"cost\":null,\"created_at\":\"2025-03-13T05:18:52.524897Z\"}', NULL, '2025-03-12 23:18:52', '2025-03-12 23:18:52'),
('2184c89a-9c40-4b12-a82c-8f08d6e257ab', 'App\\Notifications\\InspectionSheetNotification', 'App\\Models\\User', 15, '{\"message\":\"A new inspection sheet has been created\",\"inspection_id\":1,\"product\":\"Rower\",\"serial_number\":\"0309160-2711-430250551\",\"created_at\":\"2025-03-13T04:31:24.073802Z\"}', NULL, '2025-03-12 22:31:24', '2025-03-12 22:31:24'),
('22dbb458-8766-478b-977c-04ed19e4f280', 'App\\Notifications\\JobCardNotification', 'App\\Models\\User', 13, '{\"message\":\"A new job card has been created\",\"card_id\":1,\"product\":\"Rower\",\"serial_number\":\"0309160-2711-430250551\",\"cost\":null,\"created_at\":\"2025-03-13T05:18:19.961429Z\"}', NULL, '2025-03-12 23:18:19', '2025-03-12 23:18:19'),
('257e18c5-1e5f-4050-bcd2-aa03d15edde8', 'App\\Notifications\\JobCardNotification', 'App\\Models\\User', 1, '{\"message\":\"A new job card has been created\",\"card_id\":3,\"product\":\"keyboard\",\"serial_number\":\"A1804BB11451\",\"cost\":null,\"created_at\":\"2025-03-13T05:18:52.515724Z\"}', NULL, '2025-03-12 23:18:52', '2025-03-12 23:18:52'),
('2872b757-4baf-4967-8cb3-08f6c0e682ea', 'App\\Notifications\\NewTicketNotification', 'App\\Models\\User', 14, '{\"message\":\"A new ticket has been created by \",\"ticket_id\":2,\"product\":\"keyboard\",\"serial_number\":\"A1804BB11451\",\"created_at\":\"2025-03-13T04:24:58.462594Z\"}', NULL, '2025-03-12 22:24:58', '2025-03-12 22:24:58'),
('2edff53b-f8a2-4906-9c3f-9ccc0f3d0f59', 'App\\Notifications\\InspectionSheetNotification', 'App\\Models\\User', 13, '{\"message\":\"A new inspection sheet has been created\",\"inspection_id\":2,\"product\":\"keyboard\",\"serial_number\":\"A1804BB11451\",\"created_at\":\"2025-03-13T04:31:32.443882Z\"}', NULL, '2025-03-12 22:31:32', '2025-03-12 22:31:32'),
('2f2b829a-f14e-444f-a988-4ea9555f90e0', 'App\\Notifications\\NewTicketNotification', 'App\\Models\\User', 5, '{\"message\":\"A new ticket has been created by \",\"ticket_id\":1,\"product\":\"Rower\",\"serial_number\":\"0309160-2711-430250551\",\"created_at\":\"2025-03-13T04:24:47.637781Z\"}', NULL, '2025-03-12 22:24:47', '2025-03-12 22:24:47'),
('318b955b-7d55-41f4-a724-6fe5ad1dd8c4', 'App\\Notifications\\InspectionSheetNotification', 'App\\Models\\User', 12, '{\"message\":\"A new inspection sheet has been created\",\"inspection_id\":3,\"product\":\"High Performance Bike\",\"serial_number\":\"A1804BB1145\",\"created_at\":\"2025-03-13T04:31:37.715052Z\"}', NULL, '2025-03-12 22:31:37', '2025-03-12 22:31:37'),
('3dc2b243-439d-4aaf-a2ed-df91dfba83ac', 'App\\Notifications\\JobCardNotification', 'App\\Models\\User', 10, '{\"message\":\"A new job card has been created\",\"card_id\":3,\"product\":\"keyboard\",\"serial_number\":\"A1804BB11451\",\"cost\":null,\"created_at\":\"2025-03-13T05:18:52.522162Z\"}', NULL, '2025-03-12 23:18:52', '2025-03-12 23:18:52'),
('3e21de4d-104d-4ff5-b602-1ad88f6daf6c', 'App\\Notifications\\NewTicketNotification', 'App\\Models\\User', 11, '{\"message\":\"A new ticket has been created by \",\"ticket_id\":1,\"product\":\"Rower\",\"serial_number\":\"0309160-2711-430250551\",\"created_at\":\"2025-03-13T04:24:47.640211Z\"}', NULL, '2025-03-12 22:24:47', '2025-03-12 22:24:47'),
('3e24c25e-34c1-4f2a-b606-a45e90844aa7', 'App\\Notifications\\NewTicketNotification', 'App\\Models\\User', 10, '{\"message\":\"A new ticket has been created by \",\"ticket_id\":1,\"product\":\"Rower\",\"serial_number\":\"0309160-2711-430250551\",\"created_at\":\"2025-03-13T04:24:47.639010Z\"}', NULL, '2025-03-12 22:24:47', '2025-03-12 22:24:47'),
('3fd3279a-2a4f-4df4-956e-8d566934e1e3', 'App\\Notifications\\JobCardNotification', 'App\\Models\\User', 5, '{\"message\":\"A new job card has been created\",\"card_id\":2,\"product\":\"keyboard\",\"serial_number\":\"A1804BB11451\",\"cost\":null,\"created_at\":\"2025-03-13T05:18:50.199197Z\"}', NULL, '2025-03-12 23:18:50', '2025-03-12 23:18:50'),
('4313a137-0d53-4d65-9080-7a9c9062bb34', 'App\\Notifications\\JobCardNotification', 'App\\Models\\User', 1, '{\"message\":\"A new job card has been created\",\"card_id\":2,\"product\":\"keyboard\",\"serial_number\":\"A1804BB11451\",\"cost\":null,\"created_at\":\"2025-03-13T05:18:50.194517Z\"}', NULL, '2025-03-12 23:18:50', '2025-03-12 23:18:50'),
('43c6c5cd-ca08-4309-b814-f0a52af5391a', 'App\\Notifications\\JobCardNotification', 'App\\Models\\User', 12, '{\"message\":\"A new job card has been created\",\"card_id\":1,\"product\":\"Rower\",\"serial_number\":\"0309160-2711-430250551\",\"cost\":null,\"created_at\":\"2025-03-13T05:18:19.960468Z\"}', NULL, '2025-03-12 23:18:19', '2025-03-12 23:18:19'),
('4594241d-8d2e-4da8-8574-d742163fcebf', 'App\\Notifications\\JobCardNotification', 'App\\Models\\User', 3, '{\"message\":\"A new job card has been created\",\"card_id\":3,\"product\":\"keyboard\",\"serial_number\":\"A1804BB11451\",\"cost\":null,\"created_at\":\"2025-03-13T05:18:52.517869Z\"}', NULL, '2025-03-12 23:18:52', '2025-03-12 23:18:52'),
('466b2551-5853-4d8d-ba7d-e956b377148a', 'App\\Notifications\\NewTicketNotification', 'App\\Models\\User', 13, '{\"message\":\"A new ticket has been created by \",\"ticket_id\":1,\"product\":\"Rower\",\"serial_number\":\"0309160-2711-430250551\",\"created_at\":\"2025-03-13T04:24:47.642594Z\"}', NULL, '2025-03-12 22:24:47', '2025-03-12 22:24:47'),
('482946d5-c84c-49ef-a571-d26a1b3703f5', 'App\\Notifications\\JobCardNotification', 'App\\Models\\User', 11, '{\"message\":\"A new job card has been created\",\"card_id\":1,\"product\":\"Rower\",\"serial_number\":\"0309160-2711-430250551\",\"cost\":null,\"created_at\":\"2025-03-13T05:18:19.959416Z\"}', NULL, '2025-03-12 23:18:19', '2025-03-12 23:18:19'),
('491f7237-a049-4f8a-b2bd-4c0457aa27e7', 'App\\Notifications\\NewTicketNotification', 'App\\Models\\User', 4, '{\"message\":\"A new ticket has been created by \",\"ticket_id\":3,\"product\":\"High Performance Bike\",\"serial_number\":\"A1804BB1145\",\"created_at\":\"2025-03-13T04:25:02.563056Z\"}', NULL, '2025-03-12 22:25:02', '2025-03-12 22:25:02'),
('4a2507e6-5d19-4715-a5d2-5e34f5681a8c', 'App\\Notifications\\NewTicketNotification', 'App\\Models\\User', 4, '{\"message\":\"A new ticket has been created by \",\"ticket_id\":4,\"product\":\"High Performance Bike\",\"serial_number\":\"A1804BB1303\",\"created_at\":\"2025-03-13T04:25:06.403110Z\"}', NULL, '2025-03-12 22:25:06', '2025-03-12 22:25:06'),
('4babe41e-f8fa-4cc2-9f29-d6922559053a', 'App\\Notifications\\InspectionSheetNotification', 'App\\Models\\User', 11, '{\"message\":\"A new inspection sheet has been created\",\"inspection_id\":1,\"product\":\"Rower\",\"serial_number\":\"0309160-2711-430250551\",\"created_at\":\"2025-03-13T04:31:24.070454Z\"}', NULL, '2025-03-12 22:31:24', '2025-03-12 22:31:24'),
('4bfba347-13f8-4827-b976-98db7c313230', 'App\\Notifications\\NewTicketNotification', 'App\\Models\\User', 13, '{\"message\":\"A new ticket has been created by \",\"ticket_id\":2,\"product\":\"keyboard\",\"serial_number\":\"A1804BB11451\",\"created_at\":\"2025-03-13T04:24:58.461732Z\"}', NULL, '2025-03-12 22:24:58', '2025-03-12 22:24:58'),
('51a83de6-703d-4c61-8890-7b4b5ae6f14a', 'App\\Notifications\\NewTicketNotification', 'App\\Models\\User', 5, '{\"message\":\"A new ticket has been created by \",\"ticket_id\":2,\"product\":\"keyboard\",\"serial_number\":\"A1804BB11451\",\"created_at\":\"2025-03-13T04:24:58.457606Z\"}', NULL, '2025-03-12 22:24:58', '2025-03-12 22:24:58'),
('53890762-7d7f-41af-8eb4-e4d004ca2eef', 'App\\Notifications\\JobCardNotification', 'App\\Models\\User', 5, '{\"message\":\"A new job card has been created\",\"card_id\":1,\"product\":\"Rower\",\"serial_number\":\"0309160-2711-430250551\",\"cost\":null,\"created_at\":\"2025-03-13T05:18:19.956381Z\"}', NULL, '2025-03-12 23:18:19', '2025-03-12 23:18:19'),
('5640c7c0-0c72-4700-9ab6-029e98a12b18', 'App\\Notifications\\JobCardNotification', 'App\\Models\\User', 3, '{\"message\":\"A new job card has been created\",\"card_id\":1,\"product\":\"Rower\",\"serial_number\":\"0309160-2711-430250551\",\"cost\":null,\"created_at\":\"2025-03-13T05:18:19.953765Z\"}', NULL, '2025-03-12 23:18:19', '2025-03-12 23:18:19'),
('58cdb599-9e63-4ac0-9f10-462c6dbfad8d', 'App\\Notifications\\InspectionSheetNotification', 'App\\Models\\User', 4, '{\"message\":\"A new inspection sheet has been created\",\"inspection_id\":1,\"product\":\"Rower\",\"serial_number\":\"0309160-2711-430250551\",\"created_at\":\"2025-03-13T04:31:24.066722Z\"}', NULL, '2025-03-12 22:31:24', '2025-03-12 22:31:24'),
('594b2677-dd01-43c9-9f01-860bb1bfff7a', 'App\\Notifications\\JobCardNotification', 'App\\Models\\User', 5, '{\"message\":\"A new job card has been created\",\"card_id\":3,\"product\":\"keyboard\",\"serial_number\":\"A1804BB11451\",\"cost\":null,\"created_at\":\"2025-03-13T05:18:52.520223Z\"}', NULL, '2025-03-12 23:18:52', '2025-03-12 23:18:52'),
('5f9d1af1-1f12-4ff4-be57-1d2329923ea6', 'App\\Notifications\\NewTicketNotification', 'App\\Models\\User', 1, '{\"message\":\"A new ticket has been created by \",\"ticket_id\":2,\"product\":\"keyboard\",\"serial_number\":\"A1804BB11451\",\"created_at\":\"2025-03-13T04:24:58.452552Z\"}', NULL, '2025-03-12 22:24:58', '2025-03-12 22:24:58'),
('63019821-63f0-4ffc-b94c-6eb79fa5cbc5', 'App\\Notifications\\InspectionSheetNotification', 'App\\Models\\User', 13, '{\"message\":\"A new inspection sheet has been created\",\"inspection_id\":1,\"product\":\"Rower\",\"serial_number\":\"0309160-2711-430250551\",\"created_at\":\"2025-03-13T04:31:24.072783Z\"}', NULL, '2025-03-12 22:31:24', '2025-03-12 22:31:24'),
('63fb57be-35e4-4300-8bf6-0a0af3c2242a', 'App\\Notifications\\NewTicketNotification', 'App\\Models\\User', 10, '{\"message\":\"A new ticket has been created by \",\"ticket_id\":2,\"product\":\"keyboard\",\"serial_number\":\"A1804BB11451\",\"created_at\":\"2025-03-13T04:24:58.458498Z\"}', NULL, '2025-03-12 22:24:58', '2025-03-12 22:24:58'),
('655f8fe3-ffee-4f12-94d6-c0ad80bfba43', 'App\\Notifications\\JobCardNotification', 'App\\Models\\User', 1, '{\"message\":\"A new job card has been created\",\"card_id\":1,\"product\":\"Rower\",\"serial_number\":\"0309160-2711-430250551\",\"cost\":null,\"created_at\":\"2025-03-13T05:18:19.951505Z\"}', NULL, '2025-03-12 23:18:19', '2025-03-12 23:18:19'),
('68424233-ec10-488f-93e5-181604350c31', 'App\\Notifications\\NewTicketNotification', 'App\\Models\\User', 4, '{\"message\":\"A new ticket has been created by \",\"ticket_id\":2,\"product\":\"keyboard\",\"serial_number\":\"A1804BB11451\",\"created_at\":\"2025-03-13T04:24:58.456674Z\"}', NULL, '2025-03-12 22:24:58', '2025-03-12 22:24:58'),
('691369be-8ab5-49cb-ae4e-7176e6129110', 'App\\Notifications\\JobCardNotification', 'App\\Models\\User', 15, '{\"message\":\"A new job card has been created\",\"card_id\":1,\"product\":\"Rower\",\"serial_number\":\"0309160-2711-430250551\",\"cost\":null,\"created_at\":\"2025-03-13T05:18:19.962365Z\"}', NULL, '2025-03-12 23:18:19', '2025-03-12 23:18:19'),
('6cac1390-d388-450b-8fbf-7c98c9b3039a', 'App\\Notifications\\InspectionSheetNotification', 'App\\Models\\User', 6, '{\"message\":\"A new inspection sheet has been created\",\"inspection_id\":2,\"product\":\"keyboard\",\"serial_number\":\"A1804BB11451\",\"created_at\":\"2025-03-13T04:31:32.439182Z\"}', NULL, '2025-03-12 22:31:32', '2025-03-12 22:31:32'),
('70056c11-b3c8-4822-8bdb-f41686eee742', 'App\\Notifications\\InspectionSheetNotification', 'App\\Models\\User', 15, '{\"message\":\"A new inspection sheet has been created\",\"inspection_id\":2,\"product\":\"keyboard\",\"serial_number\":\"A1804BB11451\",\"created_at\":\"2025-03-13T04:31:32.444864Z\"}', NULL, '2025-03-12 22:31:32', '2025-03-12 22:31:32'),
('72b85721-2e81-4d44-897e-f5cff3913e7a', 'App\\Notifications\\InspectionSheetNotification', 'App\\Models\\User', 10, '{\"message\":\"A new inspection sheet has been created\",\"inspection_id\":1,\"product\":\"Rower\",\"serial_number\":\"0309160-2711-430250551\",\"created_at\":\"2025-03-13T04:31:24.069542Z\"}', NULL, '2025-03-12 22:31:24', '2025-03-12 22:31:24'),
('73983364-e797-428a-8b65-6abbf94f692e', 'App\\Notifications\\InspectionSheetNotification', 'App\\Models\\User', 5, '{\"message\":\"A new inspection sheet has been created\",\"inspection_id\":4,\"product\":\"High Performance Bike\",\"serial_number\":\"A1804BB1145\",\"created_at\":\"2025-03-13T05:09:24.123910Z\"}', NULL, '2025-03-12 23:09:24', '2025-03-12 23:09:24'),
('7592ada5-f793-49d3-a70a-3fdce4d2f333', 'App\\Notifications\\JobCardNotification', 'App\\Models\\User', 10, '{\"message\":\"A new job card has been created\",\"card_id\":1,\"product\":\"Rower\",\"serial_number\":\"0309160-2711-430250551\",\"cost\":null,\"created_at\":\"2025-03-13T05:18:19.958493Z\"}', NULL, '2025-03-12 23:18:19', '2025-03-12 23:18:19'),
('778c7d44-f613-4029-89c9-4cca548befdf', 'App\\Notifications\\InspectionSheetNotification', 'App\\Models\\User', 12, '{\"message\":\"A new inspection sheet has been created\",\"inspection_id\":1,\"product\":\"Rower\",\"serial_number\":\"0309160-2711-430250551\",\"created_at\":\"2025-03-13T04:31:24.071508Z\"}', NULL, '2025-03-12 22:31:24', '2025-03-12 22:31:24'),
('79363b06-0235-48e3-9a21-93df30670621', 'App\\Notifications\\NewTicketNotification', 'App\\Models\\User', 2, '{\"message\":\"A new ticket has been created by \",\"ticket_id\":4,\"product\":\"High Performance Bike\",\"serial_number\":\"A1804BB1303\",\"created_at\":\"2025-03-13T04:25:06.401109Z\"}', NULL, '2025-03-12 22:25:06', '2025-03-12 22:25:06'),
('7a45b8d3-760e-4d51-a25f-372e3443adf9', 'App\\Notifications\\InspectionSheetNotification', 'App\\Models\\User', 5, '{\"message\":\"A new inspection sheet has been created\",\"inspection_id\":3,\"product\":\"High Performance Bike\",\"serial_number\":\"A1804BB1145\",\"created_at\":\"2025-03-13T04:31:37.709165Z\"}', NULL, '2025-03-12 22:31:37', '2025-03-12 22:31:37'),
('7b827511-e309-4a3d-a111-c02527bb2821', 'App\\Notifications\\NewTicketNotification', 'App\\Models\\User', 4, '{\"message\":\"A new ticket has been created by \",\"ticket_id\":1,\"product\":\"Rower\",\"serial_number\":\"0309160-2711-430250551\",\"created_at\":\"2025-03-13T04:24:47.636695Z\"}', NULL, '2025-03-12 22:24:47', '2025-03-12 22:24:47'),
('7d2b8c91-a397-4953-afcf-8a0317356673', 'App\\Notifications\\InspectionSheetNotification', 'App\\Models\\User', 1, '{\"message\":\"A new inspection sheet has been created\",\"inspection_id\":2,\"product\":\"keyboard\",\"serial_number\":\"A1804BB11451\",\"created_at\":\"2025-03-13T04:31:32.433991Z\"}', NULL, '2025-03-12 22:31:32', '2025-03-12 22:31:32'),
('81b0d012-e193-496d-ae5c-3f0153694ab7', 'App\\Notifications\\InspectionSheetNotification', 'App\\Models\\User', 5, '{\"message\":\"A new inspection sheet has been created\",\"inspection_id\":2,\"product\":\"keyboard\",\"serial_number\":\"A1804BB11451\",\"created_at\":\"2025-03-13T04:31:32.438118Z\"}', NULL, '2025-03-12 22:31:32', '2025-03-12 22:31:32'),
('83c7a8a1-4609-411d-a22e-cd19b72820cf', 'App\\Notifications\\InspectionSheetNotification', 'App\\Models\\User', 1, '{\"message\":\"A new inspection sheet has been created\",\"inspection_id\":3,\"product\":\"High Performance Bike\",\"serial_number\":\"A1804BB1145\",\"created_at\":\"2025-03-13T04:31:37.703217Z\"}', NULL, '2025-03-12 22:31:37', '2025-03-12 22:31:37'),
('8475ea04-1c3c-478a-beaf-858b177d3285', 'App\\Notifications\\JobCardNotification', 'App\\Models\\User', 15, '{\"message\":\"A new job card has been created\",\"card_id\":3,\"product\":\"keyboard\",\"serial_number\":\"A1804BB11451\",\"cost\":null,\"created_at\":\"2025-03-13T05:18:52.527252Z\"}', NULL, '2025-03-12 23:18:52', '2025-03-12 23:18:52'),
('8478c0a1-fee0-47a1-b369-63ad0c6ca6d0', 'App\\Notifications\\JobCardNotification', 'App\\Models\\User', 4, '{\"message\":\"A new job card has been created\",\"card_id\":1,\"product\":\"Rower\",\"serial_number\":\"0309160-2711-430250551\",\"cost\":null,\"created_at\":\"2025-03-13T05:18:19.955046Z\"}', NULL, '2025-03-12 23:18:19', '2025-03-12 23:18:19'),
('86e315c2-1724-4d48-b825-0ff813fc3ef7', 'App\\Notifications\\InspectionSheetNotification', 'App\\Models\\User', 15, '{\"message\":\"A new inspection sheet has been created\",\"inspection_id\":4,\"product\":\"High Performance Bike\",\"serial_number\":\"A1804BB1145\",\"created_at\":\"2025-03-13T05:09:24.130133Z\"}', NULL, '2025-03-12 23:09:24', '2025-03-12 23:09:24'),
('86e454ae-931b-4ed7-8788-71c8bd5faacf', 'App\\Notifications\\InspectionSheetNotification', 'App\\Models\\User', 3, '{\"message\":\"A new inspection sheet has been created\",\"inspection_id\":3,\"product\":\"High Performance Bike\",\"serial_number\":\"A1804BB1145\",\"created_at\":\"2025-03-13T04:31:37.705678Z\"}', NULL, '2025-03-12 22:31:37', '2025-03-12 22:31:37'),
('8756cc59-50ed-49bb-85b3-d0af5794bead', 'App\\Notifications\\InspectionSheetNotification', 'App\\Models\\User', 13, '{\"message\":\"A new inspection sheet has been created\",\"inspection_id\":3,\"product\":\"High Performance Bike\",\"serial_number\":\"A1804BB1145\",\"created_at\":\"2025-03-13T04:31:37.716476Z\"}', NULL, '2025-03-12 22:31:37', '2025-03-12 22:31:37'),
('8a8a1711-fc6b-4e1a-93fb-10bedcf14942', 'App\\Notifications\\JobCardNotification', 'App\\Models\\User', 10, '{\"message\":\"A new job card has been created\",\"card_id\":2,\"product\":\"keyboard\",\"serial_number\":\"A1804BB11451\",\"cost\":null,\"created_at\":\"2025-03-13T05:18:50.201184Z\"}', NULL, '2025-03-12 23:18:50', '2025-03-12 23:18:50'),
('8ba30c94-ffac-4c32-aa6f-7ccd3dc0eeda', 'App\\Notifications\\JobCardNotification', 'App\\Models\\User', 6, '{\"message\":\"A new job card has been created\",\"card_id\":2,\"product\":\"keyboard\",\"serial_number\":\"A1804BB11451\",\"cost\":null,\"created_at\":\"2025-03-13T05:18:50.200174Z\"}', NULL, '2025-03-12 23:18:50', '2025-03-12 23:18:50'),
('8ee88aef-8fe5-4ead-86e2-980a10844aa7', 'App\\Notifications\\InspectionSheetNotification', 'App\\Models\\User', 3, '{\"message\":\"A new inspection sheet has been created\",\"inspection_id\":1,\"product\":\"Rower\",\"serial_number\":\"0309160-2711-430250551\",\"created_at\":\"2025-03-13T04:31:24.065686Z\"}', NULL, '2025-03-12 22:31:24', '2025-03-12 22:31:24'),
('8f1ba1e6-96b1-4bbf-bbcf-1667f5bbc271', 'App\\Notifications\\NewTicketNotification', 'App\\Models\\User', 3, '{\"message\":\"A new ticket has been created by \",\"ticket_id\":1,\"product\":\"Rower\",\"serial_number\":\"0309160-2711-430250551\",\"created_at\":\"2025-03-13T04:24:47.635541Z\"}', NULL, '2025-03-12 22:24:47', '2025-03-12 22:24:47'),
('927c6187-ac0a-4457-8a54-5f269e2f72b5', 'App\\Notifications\\JobCardNotification', 'App\\Models\\User', 11, '{\"message\":\"A new job card has been created\",\"card_id\":3,\"product\":\"keyboard\",\"serial_number\":\"A1804BB11451\",\"cost\":null,\"created_at\":\"2025-03-13T05:18:52.523358Z\"}', NULL, '2025-03-12 23:18:52', '2025-03-12 23:18:52'),
('9ab5224a-af7d-439b-9a49-541a21adbdf5', 'App\\Notifications\\InspectionSheetNotification', 'App\\Models\\User', 1, '{\"message\":\"A new inspection sheet has been created\",\"inspection_id\":4,\"product\":\"High Performance Bike\",\"serial_number\":\"A1804BB1145\",\"created_at\":\"2025-03-13T05:09:24.119120Z\"}', NULL, '2025-03-12 23:09:24', '2025-03-12 23:09:24'),
('9b19eff0-3ac6-4cef-9ded-55fad64957fe', 'App\\Notifications\\InspectionSheetNotification', 'App\\Models\\User', 3, '{\"message\":\"A new inspection sheet has been created\",\"inspection_id\":4,\"product\":\"High Performance Bike\",\"serial_number\":\"A1804BB1145\",\"created_at\":\"2025-03-13T05:09:24.121854Z\"}', NULL, '2025-03-12 23:09:24', '2025-03-12 23:09:24'),
('9bf55040-00c0-4d80-84b3-ff660bb8b617', 'App\\Notifications\\NewTicketNotification', 'App\\Models\\User', 13, '{\"message\":\"A new ticket has been created by \",\"ticket_id\":4,\"product\":\"High Performance Bike\",\"serial_number\":\"A1804BB1303\",\"created_at\":\"2025-03-13T04:25:06.408550Z\"}', NULL, '2025-03-12 22:25:06', '2025-03-12 22:25:06'),
('9d6fbb0b-477b-4213-8ba3-618c07221a47', 'App\\Notifications\\InspectionSheetNotification', 'App\\Models\\User', 4, '{\"message\":\"A new inspection sheet has been created\",\"inspection_id\":3,\"product\":\"High Performance Bike\",\"serial_number\":\"A1804BB1145\",\"created_at\":\"2025-03-13T04:31:37.707444Z\"}', NULL, '2025-03-12 22:31:37', '2025-03-12 22:31:37'),
('9ec3a9c2-e9e7-4c61-85a5-408232f397ab', 'App\\Notifications\\NewTicketNotification', 'App\\Models\\User', 13, '{\"message\":\"A new ticket has been created by \",\"ticket_id\":3,\"product\":\"High Performance Bike\",\"serial_number\":\"A1804BB1145\",\"created_at\":\"2025-03-13T04:25:02.568529Z\"}', NULL, '2025-03-12 22:25:02', '2025-03-12 22:25:02'),
('9fdb8388-8eb9-4772-a902-8500b926b7a9', 'App\\Notifications\\NewTicketNotification', 'App\\Models\\User', 12, '{\"message\":\"A new ticket has been created by \",\"ticket_id\":4,\"product\":\"High Performance Bike\",\"serial_number\":\"A1804BB1303\",\"created_at\":\"2025-03-13T04:25:06.407488Z\"}', NULL, '2025-03-12 22:25:06', '2025-03-12 22:25:06'),
('a57f1ad5-be7c-4fdf-8d4d-f3b169e56e21', 'App\\Notifications\\NewTicketNotification', 'App\\Models\\User', 10, '{\"message\":\"A new ticket has been created by \",\"ticket_id\":4,\"product\":\"High Performance Bike\",\"serial_number\":\"A1804BB1303\",\"created_at\":\"2025-03-13T04:25:06.405046Z\"}', NULL, '2025-03-12 22:25:06', '2025-03-12 22:25:06'),
('a617e109-58ac-45f7-84b7-e998ae3ee307', 'App\\Notifications\\InspectionSheetNotification', 'App\\Models\\User', 11, '{\"message\":\"A new inspection sheet has been created\",\"inspection_id\":2,\"product\":\"keyboard\",\"serial_number\":\"A1804BB11451\",\"created_at\":\"2025-03-13T04:31:32.441879Z\"}', NULL, '2025-03-12 22:31:32', '2025-03-12 22:31:32'),
('a6c8c449-f280-4aa1-9fc2-c305662cb961', 'App\\Notifications\\NewTicketNotification', 'App\\Models\\User', 10, '{\"message\":\"A new ticket has been created by \",\"ticket_id\":3,\"product\":\"High Performance Bike\",\"serial_number\":\"A1804BB1145\",\"created_at\":\"2025-03-13T04:25:02.565483Z\"}', NULL, '2025-03-12 22:25:02', '2025-03-12 22:25:02'),
('ad434811-0d53-479f-ac54-2c6dcf096279', 'App\\Notifications\\JobCardNotification', 'App\\Models\\User', 13, '{\"message\":\"A new job card has been created\",\"card_id\":2,\"product\":\"keyboard\",\"serial_number\":\"A1804BB11451\",\"cost\":null,\"created_at\":\"2025-03-13T05:18:50.205084Z\"}', NULL, '2025-03-12 23:18:50', '2025-03-12 23:18:50'),
('adc473bc-9d0d-446b-9b6f-ebb2d3cde2b0', 'App\\Notifications\\NewTicketNotification', 'App\\Models\\User', 3, '{\"message\":\"A new ticket has been created by \",\"ticket_id\":2,\"product\":\"keyboard\",\"serial_number\":\"A1804BB11451\",\"created_at\":\"2025-03-13T04:24:58.455460Z\"}', NULL, '2025-03-12 22:24:58', '2025-03-12 22:24:58'),
('b0b04432-9541-42b6-b378-eaee783ee2b5', 'App\\Notifications\\InspectionSheetNotification', 'App\\Models\\User', 3, '{\"message\":\"A new inspection sheet has been created\",\"inspection_id\":2,\"product\":\"keyboard\",\"serial_number\":\"A1804BB11451\",\"created_at\":\"2025-03-13T04:31:32.436127Z\"}', NULL, '2025-03-12 22:31:32', '2025-03-12 22:31:32'),
('b124ebac-58d6-4c7f-9d57-92200af58bbb', 'App\\Notifications\\InspectionSheetNotification', 'App\\Models\\User', 6, '{\"message\":\"A new inspection sheet has been created\",\"inspection_id\":3,\"product\":\"High Performance Bike\",\"serial_number\":\"A1804BB1145\",\"created_at\":\"2025-03-13T04:31:37.710811Z\"}', NULL, '2025-03-12 22:31:37', '2025-03-12 22:31:37'),
('bcdfe492-ec56-4e66-a807-f3c8517eba0c', 'App\\Notifications\\NewTicketNotification', 'App\\Models\\User', 2, '{\"message\":\"A new ticket has been created by \",\"ticket_id\":2,\"product\":\"keyboard\",\"serial_number\":\"A1804BB11451\",\"created_at\":\"2025-03-13T04:24:58.454285Z\"}', NULL, '2025-03-12 22:24:58', '2025-03-12 22:24:58'),
('bdeb3dcd-f7e4-48c9-af49-b973c8c8f75a', 'App\\Notifications\\NewTicketNotification', 'App\\Models\\User', 3, '{\"message\":\"A new ticket has been created by \",\"ticket_id\":4,\"product\":\"High Performance Bike\",\"serial_number\":\"A1804BB1303\",\"created_at\":\"2025-03-13T04:25:06.402183Z\"}', NULL, '2025-03-12 22:25:06', '2025-03-12 22:25:06'),
('c1bc4a46-fbc8-4054-a23f-d86ea239fb4c', 'App\\Notifications\\NewTicketNotification', 'App\\Models\\User', 14, '{\"message\":\"A new ticket has been created by \",\"ticket_id\":1,\"product\":\"Rower\",\"serial_number\":\"0309160-2711-430250551\",\"created_at\":\"2025-03-13T04:24:47.643614Z\"}', NULL, '2025-03-12 22:24:47', '2025-03-12 22:24:47'),
('c4e61453-c0c9-4a50-a7c4-d4cb33560a41', 'App\\Notifications\\NewTicketNotification', 'App\\Models\\User', 5, '{\"message\":\"A new ticket has been created by \",\"ticket_id\":4,\"product\":\"High Performance Bike\",\"serial_number\":\"A1804BB1303\",\"created_at\":\"2025-03-13T04:25:06.404015Z\"}', NULL, '2025-03-12 22:25:06', '2025-03-12 22:25:06'),
('c6808880-a7eb-4749-ada5-4800d27a5a5d', 'App\\Notifications\\InspectionSheetNotification', 'App\\Models\\User', 13, '{\"message\":\"A new inspection sheet has been created\",\"inspection_id\":4,\"product\":\"High Performance Bike\",\"serial_number\":\"A1804BB1145\",\"created_at\":\"2025-03-13T05:09:24.129186Z\"}', NULL, '2025-03-12 23:09:24', '2025-03-12 23:09:24'),
('c78045aa-1dc2-4ad1-bb92-02429cbdaac2', 'App\\Notifications\\NewTicketNotification', 'App\\Models\\User', 14, '{\"message\":\"A new ticket has been created by \",\"ticket_id\":4,\"product\":\"High Performance Bike\",\"serial_number\":\"A1804BB1303\",\"created_at\":\"2025-03-13T04:25:06.409903Z\"}', NULL, '2025-03-12 22:25:06', '2025-03-12 22:25:06'),
('c9bfb14a-da3a-4b27-9b93-4a2d32fc84a4', 'App\\Notifications\\JobCardNotification', 'App\\Models\\User', 6, '{\"message\":\"A new job card has been created\",\"card_id\":1,\"product\":\"Rower\",\"serial_number\":\"0309160-2711-430250551\",\"cost\":null,\"created_at\":\"2025-03-13T05:18:19.957580Z\"}', NULL, '2025-03-12 23:18:19', '2025-03-12 23:18:19'),
('d0a9206e-7d75-4efe-b90a-82055e274db1', 'App\\Notifications\\NewTicketNotification', 'App\\Models\\User', 1, '{\"message\":\"A new ticket has been created by \",\"ticket_id\":4,\"product\":\"High Performance Bike\",\"serial_number\":\"A1804BB1303\",\"created_at\":\"2025-03-13T04:25:06.398851Z\"}', NULL, '2025-03-12 22:25:06', '2025-03-12 22:25:06'),
('d1b49c1c-5c2c-4dbe-a10a-61f6a9afd1b5', 'App\\Notifications\\NewTicketNotification', 'App\\Models\\User', 12, '{\"message\":\"A new ticket has been created by \",\"ticket_id\":1,\"product\":\"Rower\",\"serial_number\":\"0309160-2711-430250551\",\"created_at\":\"2025-03-13T04:24:47.641551Z\"}', NULL, '2025-03-12 22:24:47', '2025-03-12 22:24:47'),
('d1d72c8c-2a39-4204-ad63-78b0f5c57083', 'App\\Notifications\\InspectionSheetNotification', 'App\\Models\\User', 12, '{\"message\":\"A new inspection sheet has been created\",\"inspection_id\":4,\"product\":\"High Performance Bike\",\"serial_number\":\"A1804BB1145\",\"created_at\":\"2025-03-13T05:09:24.128328Z\"}', NULL, '2025-03-12 23:09:24', '2025-03-12 23:09:24'),
('d2a0f84b-e7b1-4a34-87b9-bd9a2324f1c7', 'App\\Notifications\\NewTicketNotification', 'App\\Models\\User', 14, '{\"message\":\"A new ticket has been created by \",\"ticket_id\":3,\"product\":\"High Performance Bike\",\"serial_number\":\"A1804BB1145\",\"created_at\":\"2025-03-13T04:25:02.569435Z\"}', NULL, '2025-03-12 22:25:02', '2025-03-12 22:25:02'),
('d59c8148-0655-47e8-91e8-d457ab1cb892', 'App\\Notifications\\InspectionSheetNotification', 'App\\Models\\User', 5, '{\"message\":\"A new inspection sheet has been created\",\"inspection_id\":1,\"product\":\"Rower\",\"serial_number\":\"0309160-2711-430250551\",\"created_at\":\"2025-03-13T04:31:24.067637Z\"}', NULL, '2025-03-12 22:31:24', '2025-03-12 22:31:24'),
('d81a298b-5915-4fc7-b478-49947834d6cc', 'App\\Notifications\\InspectionSheetNotification', 'App\\Models\\User', 6, '{\"message\":\"A new inspection sheet has been created\",\"inspection_id\":4,\"product\":\"High Performance Bike\",\"serial_number\":\"A1804BB1145\",\"created_at\":\"2025-03-13T05:09:24.125030Z\"}', NULL, '2025-03-12 23:09:24', '2025-03-12 23:09:24'),
('da8a8eba-258a-400a-8a23-442141022a30', 'App\\Notifications\\JobCardNotification', 'App\\Models\\User', 4, '{\"message\":\"A new job card has been created\",\"card_id\":3,\"product\":\"keyboard\",\"serial_number\":\"A1804BB11451\",\"cost\":null,\"created_at\":\"2025-03-13T05:18:52.518989Z\"}', NULL, '2025-03-12 23:18:52', '2025-03-12 23:18:52'),
('da943580-2012-4bb6-816f-26207f23fa55', 'App\\Notifications\\NewTicketNotification', 'App\\Models\\User', 1, '{\"message\":\"A new ticket has been created by \",\"ticket_id\":3,\"product\":\"High Performance Bike\",\"serial_number\":\"A1804BB1145\",\"created_at\":\"2025-03-13T04:25:02.557932Z\"}', NULL, '2025-03-12 22:25:02', '2025-03-12 22:25:02'),
('ddd09e6b-14a0-4ebc-bdf8-3ee95a4295ca', 'App\\Notifications\\InspectionSheetNotification', 'App\\Models\\User', 12, '{\"message\":\"A new inspection sheet has been created\",\"inspection_id\":2,\"product\":\"keyboard\",\"serial_number\":\"A1804BB11451\",\"created_at\":\"2025-03-13T04:31:32.442923Z\"}', NULL, '2025-03-12 22:31:32', '2025-03-12 22:31:32'),
('e16d244f-217e-4ca0-b846-12974952b52b', 'App\\Notifications\\NewTicketNotification', 'App\\Models\\User', 12, '{\"message\":\"A new ticket has been created by \",\"ticket_id\":3,\"product\":\"High Performance Bike\",\"serial_number\":\"A1804BB1145\",\"created_at\":\"2025-03-13T04:25:02.567579Z\"}', NULL, '2025-03-12 22:25:02', '2025-03-12 22:25:02'),
('e734772e-5003-48fd-999e-61be038bae44', 'App\\Notifications\\InspectionSheetNotification', 'App\\Models\\User', 10, '{\"message\":\"A new inspection sheet has been created\",\"inspection_id\":4,\"product\":\"High Performance Bike\",\"serial_number\":\"A1804BB1145\",\"created_at\":\"2025-03-13T05:09:24.125889Z\"}', NULL, '2025-03-12 23:09:24', '2025-03-12 23:09:24'),
('e7a302a8-905c-4958-b027-84f779f4dda5', 'App\\Notifications\\JobCardNotification', 'App\\Models\\User', 6, '{\"message\":\"A new job card has been created\",\"card_id\":3,\"product\":\"keyboard\",\"serial_number\":\"A1804BB11451\",\"cost\":null,\"created_at\":\"2025-03-13T05:18:52.521229Z\"}', NULL, '2025-03-12 23:18:52', '2025-03-12 23:18:52'),
('e9e7e713-ff66-400b-b219-086ab5154c76', 'App\\Notifications\\InspectionSheetNotification', 'App\\Models\\User', 4, '{\"message\":\"A new inspection sheet has been created\",\"inspection_id\":2,\"product\":\"keyboard\",\"serial_number\":\"A1804BB11451\",\"created_at\":\"2025-03-13T04:31:32.437153Z\"}', NULL, '2025-03-12 22:31:32', '2025-03-12 22:31:32'),
('ea029147-9885-4a55-becd-63b9e424848a', 'App\\Notifications\\NewTicketNotification', 'App\\Models\\User', 11, '{\"message\":\"A new ticket has been created by \",\"ticket_id\":4,\"product\":\"High Performance Bike\",\"serial_number\":\"A1804BB1303\",\"created_at\":\"2025-03-13T04:25:06.406469Z\"}', NULL, '2025-03-12 22:25:06', '2025-03-12 22:25:06'),
('f3486e23-85a9-411a-b310-d24d21ef3bd5', 'App\\Notifications\\InspectionSheetNotification', 'App\\Models\\User', 15, '{\"message\":\"A new inspection sheet has been created\",\"inspection_id\":3,\"product\":\"High Performance Bike\",\"serial_number\":\"A1804BB1145\",\"created_at\":\"2025-03-13T04:31:37.717710Z\"}', NULL, '2025-03-12 22:31:37', '2025-03-12 22:31:37'),
('f4ff9b97-5b78-4d54-9228-aefd37903678', 'App\\Notifications\\InspectionSheetNotification', 'App\\Models\\User', 4, '{\"message\":\"A new inspection sheet has been created\",\"inspection_id\":4,\"product\":\"High Performance Bike\",\"serial_number\":\"A1804BB1145\",\"created_at\":\"2025-03-13T05:09:24.122915Z\"}', NULL, '2025-03-12 23:09:24', '2025-03-12 23:09:24'),
('faf902f3-9cda-434c-a7dc-e856ecd0bd40', 'App\\Notifications\\InspectionSheetNotification', 'App\\Models\\User', 10, '{\"message\":\"A new inspection sheet has been created\",\"inspection_id\":2,\"product\":\"keyboard\",\"serial_number\":\"A1804BB11451\",\"created_at\":\"2025-03-13T04:31:32.440906Z\"}', NULL, '2025-03-12 22:31:32', '2025-03-12 22:31:32'),
('fca710e3-35e6-490b-b058-c59da9b17e66', 'App\\Notifications\\JobCardNotification', 'App\\Models\\User', 15, '{\"message\":\"A new job card has been created\",\"card_id\":2,\"product\":\"keyboard\",\"serial_number\":\"A1804BB11451\",\"cost\":null,\"created_at\":\"2025-03-13T05:18:50.206504Z\"}', NULL, '2025-03-12 23:18:50', '2025-03-12 23:18:50'),
('fdfca194-a5fe-48ea-8b12-dc6e66fe6629', 'App\\Notifications\\NewTicketNotification', 'App\\Models\\User', 3, '{\"message\":\"A new ticket has been created by \",\"ticket_id\":3,\"product\":\"High Performance Bike\",\"serial_number\":\"A1804BB1145\",\"created_at\":\"2025-03-13T04:25:02.561566Z\"}', NULL, '2025-03-12 22:25:02', '2025-03-12 22:25:02'),
('fe1b2366-5d25-49e2-a89d-46c2e1fd18a5', 'App\\Notifications\\InspectionSheetNotification', 'App\\Models\\User', 11, '{\"message\":\"A new inspection sheet has been created\",\"inspection_id\":3,\"product\":\"High Performance Bike\",\"serial_number\":\"A1804BB1145\",\"created_at\":\"2025-03-13T04:31:37.713619Z\"}', NULL, '2025-03-12 22:31:37', '2025-03-12 22:31:37'),
('feda00e0-13e8-479a-8c16-b86c8f511f6c', 'App\\Notifications\\NewTicketNotification', 'App\\Models\\User', 1, '{\"message\":\"A new ticket has been created by \",\"ticket_id\":1,\"product\":\"Rower\",\"serial_number\":\"0309160-2711-430250551\",\"created_at\":\"2025-03-13T04:24:47.631483Z\"}', NULL, '2025-03-12 22:24:47', '2025-03-12 22:24:47');

-- --------------------------------------------------------

--
-- Table structure for table `password_reset_tokens`
--

CREATE TABLE `password_reset_tokens` (
  `email` varchar(255) COLLATE utf8mb4_unicode_ci NOT NULL,
  `token` varchar(255) COLLATE utf8mb4_unicode_ci NOT NULL,
  `created_at` timestamp NULL DEFAULT NULL
) ENGINE=InnoDB DEFAULT CHARSET=utf8mb4 COLLATE=utf8mb4_unicode_ci;

-- --------------------------------------------------------

--
-- Table structure for table `personal_access_tokens`
--

CREATE TABLE `personal_access_tokens` (
  `id` bigint UNSIGNED NOT NULL,
  `tokenable_type` varchar(255) COLLATE utf8mb4_unicode_ci NOT NULL,
  `tokenable_id` bigint UNSIGNED NOT NULL,
  `name` varchar(255) COLLATE utf8mb4_unicode_ci NOT NULL,
  `token` varchar(64) COLLATE utf8mb4_unicode_ci NOT NULL,
  `abilities` text COLLATE utf8mb4_unicode_ci,
  `last_used_at` timestamp NULL DEFAULT NULL,
  `expires_at` timestamp NULL DEFAULT NULL,
  `created_at` timestamp NULL DEFAULT NULL,
  `updated_at` timestamp NULL DEFAULT NULL
) ENGINE=InnoDB DEFAULT CHARSET=utf8mb4 COLLATE=utf8mb4_unicode_ci;

-- --------------------------------------------------------

--
-- Table structure for table `reports`
--

CREATE TABLE `reports` (
  `id` bigint UNSIGNED NOT NULL,
  `user_id` bigint UNSIGNED DEFAULT NULL,
  `asset_id` bigint UNSIGNED DEFAULT NULL,
  `ticket_id` bigint UNSIGNED DEFAULT NULL,
  `inspection_sheet_id` bigint UNSIGNED DEFAULT NULL,
  `job_card_id` bigint UNSIGNED DEFAULT NULL,
  `maintainance_id` bigint UNSIGNED DEFAULT NULL,
  `report_type` enum('job_card','asset','inspection','ticket') COLLATE utf8mb4_unicode_ci NOT NULL,
  `report_for` longtext COLLATE utf8mb4_unicode_ci,
  `report_details` longtext COLLATE utf8mb4_unicode_ci,
  `created_at` timestamp NULL DEFAULT NULL,
  `updated_at` timestamp NULL DEFAULT NULL
) ENGINE=InnoDB DEFAULT CHARSET=utf8mb4 COLLATE=utf8mb4_unicode_ci;

--
-- Dumping data for table `reports`
--

INSERT INTO `reports` (`id`, `user_id`, `asset_id`, `ticket_id`, `inspection_sheet_id`, `job_card_id`, `maintainance_id`, `report_type`, `report_for`, `report_details`, `created_at`, `updated_at`) VALUES
(1, 5, NULL, NULL, NULL, 1, NULL, 'job_card', NULL, NULL, '2025-03-12 23:21:41', '2025-03-12 23:21:41');

-- --------------------------------------------------------

--
-- Table structure for table `sessions`
--

CREATE TABLE `sessions` (
  `id` varchar(255) COLLATE utf8mb4_unicode_ci NOT NULL,
  `user_id` bigint UNSIGNED DEFAULT NULL,
  `ip_address` varchar(45) COLLATE utf8mb4_unicode_ci DEFAULT NULL,
  `user_agent` text COLLATE utf8mb4_unicode_ci,
  `payload` longtext COLLATE utf8mb4_unicode_ci NOT NULL,
  `last_activity` int NOT NULL
) ENGINE=InnoDB DEFAULT CHARSET=utf8mb4 COLLATE=utf8mb4_unicode_ci;

--
-- Dumping data for table `sessions`
--

INSERT INTO `sessions` (`id`, `user_id`, `ip_address`, `user_agent`, `payload`, `last_activity`) VALUES
('rU8VHJg0SEsjpjY314rPv9Z00HidgAg0QBIeSrCa', NULL, '10.0.80.16', 'Mozilla/5.0 (Windows NT 10.0; Win64; x64) AppleWebKit/537.36 (KHTML, like Gecko) Chrome/134.0.0.0 Safari/537.36 Edg/134.0.0.0', 'YTozOntzOjY6Il90b2tlbiI7czo0MDoicEJ0WTNDcFdzQ245R1EyMmdVSkxqdEk2UnVzd25RdkcxZmxsbENESyI7czo5OiJfcHJldmlvdXMiO2E6MTp7czozOiJ1cmwiO3M6MjI6Imh0dHA6Ly8xMC4wLjgwLjE2OjgwMDEiO31zOjY6Il9mbGFzaCI7YToyOntzOjM6Im9sZCI7YTowOnt9czozOiJuZXciO2E6MDp7fX19', 1741834711);

-- --------------------------------------------------------

--
-- Table structure for table `settings`
--

CREATE TABLE `settings` (
  `id` bigint UNSIGNED NOT NULL,
  `type` varchar(255) COLLATE utf8mb4_unicode_ci NOT NULL,
  `description` longtext COLLATE utf8mb4_unicode_ci NOT NULL,
  `created_at` timestamp NULL DEFAULT NULL,
  `updated_at` timestamp NULL DEFAULT NULL
) ENGINE=InnoDB DEFAULT CHARSET=utf8mb4 COLLATE=utf8mb4_unicode_ci;

--
-- Dumping data for table `settings`
--

INSERT INTO `settings` (`id`, `type`, `description`, `created_at`, `updated_at`) VALUES
(1, 'Terms and Condition', 'Soluta itaque et. Fuga tempora eos quam asperiores veritatis. Earum inventore veritatis aliquid aliquid totam. Et repudiandae ex quia tempore accusantium corporis aut omnis illo. Voluptatem inventore tempore et ut in qui.', '2025-03-12 22:12:22', '2025-03-12 22:12:22'),
(2, 'About Us', 'Et non qui. Quis est qui voluptatibus ut maiores aut totam. Maxime dicta omnis explicabo fugiat rerum magni aspernatur quas. Sint est saepe corporis cupiditate aliquid fugiat a explicabo.', '2025-03-12 22:14:33', '2025-03-12 22:14:41'),
(3, 'Privacy Policy', 'Consectetur consequatur repudiandae perspiciatis deleniti expedita molestiae qui qui repellendus. Est quos in atque aut dolorem esse. Aperiam vitae ullam rerum voluptas vel voluptates neque asperiores.', '2025-03-12 22:15:22', '2025-03-12 22:15:22');

-- --------------------------------------------------------

--
-- Table structure for table `tickets`
--

CREATE TABLE `tickets` (
  `id` bigint UNSIGNED NOT NULL,
  `user_id` bigint UNSIGNED NOT NULL,
  `asset_id` bigint UNSIGNED NOT NULL,
  `ticket_type` varchar(255) COLLATE utf8mb4_unicode_ci NOT NULL DEFAULT 'New Tickets',
  `problem` longtext COLLATE utf8mb4_unicode_ci NOT NULL,
  `user_comment` longtext COLLATE utf8mb4_unicode_ci,
  `ticket_status` varchar(255) COLLATE utf8mb4_unicode_ci NOT NULL DEFAULT 'New',
  `cost` varchar(255) COLLATE utf8mb4_unicode_ci DEFAULT NULL,
  `order_number` varchar(255) COLLATE utf8mb4_unicode_ci DEFAULT NULL,
  `created_at` timestamp NULL DEFAULT NULL,
  `updated_at` timestamp NULL DEFAULT NULL
) ENGINE=InnoDB DEFAULT CHARSET=utf8mb4 COLLATE=utf8mb4_unicode_ci;

--
-- Dumping data for table `tickets`
--

INSERT INTO `tickets` (`id`, `user_id`, `asset_id`, `ticket_type`, `problem`, `user_comment`, `ticket_status`, `cost`, `order_number`, `created_at`, `updated_at`) VALUES
(1, 7, 4, 'New Tickets', 'test problem', NULL, 'New', NULL, NULL, '2025-03-12 22:24:47', '2025-03-12 22:24:47'),
(2, 7, 1, 'New Tickets', 'test problem', NULL, 'New', NULL, NULL, '2025-03-12 22:24:58', '2025-03-12 22:24:58'),
(3, 7, 2, 'Open Tickets', 'test problem', NULL, 'Assigned', '200', NULL, '2025-03-12 22:25:02', '2025-03-12 22:30:24'),
(5, 1, 1, 'Past Tickets', 'Magnam ullam sit consequuntur in necessitatibus quos corrupti.', 'Expedita modi labore sed ut et facere porro. Sequi modi consequatur omnis eos nulla.', 'Completed', '271.41', 'ORD-978863', '2025-03-13 00:00:35', '2025-03-13 00:00:35'),
(6, 1, 1, 'New Tickets', 'Et natus vero nisi et laborum a.', 'Magnam qui ab necessitatibus placeat. Numquam quis sit ex et. Quod alias aliquam sequi porro.', 'Assigned', '742.23', 'ORD-057763', '2025-03-13 00:00:35', '2025-03-13 00:00:35'),
(7, 1, 1, 'Past Tickets', 'Quisquam deserunt itaque tempore aut illo non consequatur.', 'Fugiat nobis assumenda aut veniam totam. Debitis officia quaerat doloremque voluptatem qui nam.', 'New', '381.61', 'ORD-592151', '2025-03-13 00:00:35', '2025-03-13 00:00:35'),
(8, 1, 1, 'Past Tickets', 'Architecto aut quam quasi dolorum aut delectus.', 'Esse ea est blanditiis ab excepturi. Illum sint sed vel.', 'New', '510.31', 'ORD-141433', '2025-03-13 00:00:35', '2025-03-13 00:00:35'),
(9, 1, 1, 'Past Tickets', 'Qui id placeat tempore quidem impedit nulla hic.', 'Sequi et et excepturi quo. Sunt qui quibusdam ut autem. Omnis id occaecati optio consequatur.', 'Completed', '366.95', 'ORD-979838', '2025-03-13 00:00:35', '2025-03-13 00:00:35'),
(10, 1, 1, 'New Tickets', 'Consequatur voluptatem dolore optio at.', 'Et sed qui quo occaecati. Qui quia eius dolorem nemo.', 'Completed', '341.22', 'ORD-810216', '2025-03-13 00:00:35', '2025-03-13 00:00:35'),
(11, 1, 1, 'Open Tickets', 'Ex quia quaerat fuga optio.', 'Aut dolor dignissimos earum illo omnis. Id aut libero accusamus rerum.', 'New', '539.44', 'ORD-853706', '2025-03-13 00:00:35', '2025-03-13 00:00:35'),
(12, 1, 1, 'New Tickets', 'Similique dolorum explicabo est facere qui ut quisquam.', 'Consequatur ea odit harum iusto sunt molestiae quaerat natus. Vel vel voluptatem quasi eos porro.', 'New', '598.61', 'ORD-674383', '2025-03-13 00:00:35', '2025-03-13 00:00:35'),
(13, 1, 1, 'Past Tickets', 'Sunt temporibus labore consequuntur non et in.', 'Alias et occaecati delectus cumque architecto. Iure et recusandae quidem nam atque ab.', 'New', '597.6', 'ORD-431742', '2025-03-13 00:00:35', '2025-03-13 00:00:35'),
(14, 1, 1, 'Open Tickets', 'Corrupti deserunt vero distinctio temporibus amet molestias.', 'Corrupti modi nobis quo aut sapiente possimus. Nam occaecati minus ullam et sunt rerum tempore.', 'Assigned', '127.74', 'ORD-217956', '2025-03-13 00:00:35', '2025-03-13 00:00:35');

-- --------------------------------------------------------

--
-- Table structure for table `users`
--

CREATE TABLE `users` (
  `id` bigint UNSIGNED NOT NULL,
  `name` varchar(255) COLLATE utf8mb4_unicode_ci NOT NULL,
  `email` varchar(255) COLLATE utf8mb4_unicode_ci NOT NULL,
  `email_verified_at` timestamp NULL DEFAULT NULL,
  `role` enum('super_admin','organization','location_employee','support_agent','third_party','technician','user') COLLATE utf8mb4_unicode_ci NOT NULL DEFAULT 'user',
  `latitude` varchar(255) COLLATE utf8mb4_unicode_ci DEFAULT NULL,
  `longitude` varchar(255) COLLATE utf8mb4_unicode_ci DEFAULT NULL,
  `address` varchar(255) COLLATE utf8mb4_unicode_ci DEFAULT NULL,
  `phone` varchar(255) COLLATE utf8mb4_unicode_ci DEFAULT NULL,
  `image` varchar(255) COLLATE utf8mb4_unicode_ci DEFAULT NULL,
  `document` json DEFAULT NULL,
  `password` varchar(255) COLLATE utf8mb4_unicode_ci NOT NULL,
  `otp` varchar(255) COLLATE utf8mb4_unicode_ci DEFAULT NULL,
  `otp_expire_at` timestamp NULL DEFAULT NULL,
  `google_id` varchar(255) COLLATE utf8mb4_unicode_ci DEFAULT NULL,
  `status` enum('active','inactive') COLLATE utf8mb4_unicode_ci NOT NULL DEFAULT 'inactive',
  `creator_id` bigint UNSIGNED DEFAULT NULL,
  `remember_token` varchar(100) COLLATE utf8mb4_unicode_ci DEFAULT NULL,
  `created_at` timestamp NULL DEFAULT NULL,
  `updated_at` timestamp NULL DEFAULT NULL,
  `deleted_at` timestamp NULL DEFAULT NULL
) ENGINE=InnoDB DEFAULT CHARSET=utf8mb4 COLLATE=utf8mb4_unicode_ci;

--
-- Dumping data for table `users`
--

INSERT INTO `users` (`id`, `name`, `email`, `email_verified_at`, `role`, `latitude`, `longitude`, `address`, `phone`, `image`, `document`, `password`, `otp`, `otp_expire_at`, `google_id`, `status`, `creator_id`, `remember_token`, `created_at`, `updated_at`, `deleted_at`) VALUES
(1, 'Super Admin', 'admin@gmail.com', '2025-03-12 20:47:49', 'super_admin', NULL, NULL, 'Dhaka, Bangladesh', NULL, NULL, NULL, '$2y$12$efwAC1GvdQVLDe57Iv9K4uU4rM9UO.jXbfenA/l11tELa8asmJlEO', NULL, NULL, NULL, 'active', NULL, NULL, '2025-03-12 20:47:50', '2025-03-12 20:47:50', NULL),
(2, 'Support Agent', 'supportAgent@gmail.com', '2025-03-12 20:47:50', 'support_agent', NULL, NULL, 'Dhaka, Bangladesh', NULL, NULL, NULL, '$2y$12$NtA.I2fvSSQacqseYaID2u695WFtunb75Np/N4QwHTO/c3oKLHVTe', NULL, NULL, NULL, 'active', NULL, NULL, '2025-03-12 20:47:50', '2025-03-12 20:47:50', NULL),
(3, 'Location Employee', 'locationEmployee@gmail.com', '2025-03-12 20:47:50', 'location_employee', NULL, NULL, 'Dhaka, Bangladesh', NULL, NULL, NULL, '$2y$12$C0S8QaQ/cxKIZJGm0ySIV.fTWbSwuqP9a0TXEzcQjUvBoXGx5zZr.', NULL, NULL, NULL, 'active', NULL, NULL, '2025-03-12 20:47:50', '2025-03-12 20:47:50', NULL),
(4, 'Third Party', 'thirdParty@gmail.com', '2025-03-12 20:47:50', 'third_party', NULL, NULL, 'Dhaka, Bangladesh', NULL, NULL, NULL, '$2y$12$n1uz.xOd8mUMaT4k.H6Pm.BC5D8TLVpWkHD02e86HerS7PZbx5ed6', NULL, NULL, NULL, 'active', NULL, NULL, '2025-03-12 20:47:50', '2025-03-12 20:47:50', NULL),
(5, 'Organization', 'Organization@gmail.com', '2025-03-12 20:47:50', 'organization', NULL, NULL, 'Dhaka, Bangladesh', NULL, NULL, NULL, '$2y$12$47Sy8.9gB351xdVnJJ2EU.2yyJxyz3E4.FJq.p5mNicgXMW3mTufG', NULL, NULL, NULL, 'active', NULL, NULL, '2025-03-12 20:47:50', '2025-03-12 20:47:50', NULL),
(6, 'Technician', 'Technician@gmail.com', '2025-03-12 20:47:51', 'technician', NULL, NULL, 'Dhaka, Bangladesh', NULL, NULL, NULL, '$2y$12$Pt2YDsTm0nJBfa13R2MM..iAPzbF0qigS2vbaWF6rVDdRfLF0FM1a', NULL, NULL, NULL, 'active', NULL, NULL, '2025-03-12 20:47:51', '2025-03-12 21:46:09', NULL),
(7, 'user', 'user@gmail.com', '2025-03-12 20:47:51', 'user', '34.0522', '-118.2432', '123 Main St, Los Angeles, CA, USA', NULL, NULL, NULL, '$2y$12$278XmCOkeCR7TuKHVQwJIuHTH10123QabQzCFwuWbfPn/jUTtq61q', NULL, NULL, NULL, 'active', NULL, NULL, '2025-03-12 20:47:51', '2025-03-12 21:17:52', NULL),
(8, 'new user', 'goryviry@polkaroad.net', '2025-03-12 21:24:56', 'user', NULL, NULL, 'usa', NULL, NULL, NULL, '$2y$12$Qa5gkmpUW0ozcsgiXpE1R.7O5hS.beOtNw1IfsmTyfM3LMGbhRknO', '559493', NULL, NULL, 'active', NULL, NULL, '2025-03-12 21:25:55', '2025-03-12 21:25:34', NULL),
(9, 'social login user', 'social2@gmail.com', NULL, 'user', NULL, NULL, NULL, NULL, NULL, NULL, '$2y$12$y4sZecpZ2U5a.LT7p/0xKeu/Rn6gS3DSGyb2YK741kttagy5FoxKG', NULL, NULL, '123456', 'active', NULL, NULL, '2025-03-12 21:24:02', '2025-03-12 21:47:03', '2025-03-12 21:47:03'),
(10, 'Thelma Nader', 'Yolanda_Parisian@hotmail.com', NULL, 'organization', NULL, NULL, 'UK', NULL, '1741843922.jpg', '[\"174184393367d26ddd43063test.pdf\"]', '$2y$12$7TSqLKkiq2U/X8fFsKHTC.w0qrSQfEkOYTSd6lMdQ4bKfIE4cdzay', NULL, NULL, NULL, 'inactive', 1, NULL, '2025-03-12 21:28:39', '2025-03-12 23:32:13', NULL),
(11, 'Joel Gutkowski', 'Michel_Bergnaum@gmail.com', NULL, 'organization', NULL, NULL, 'Dhaka, Bangladesh', NULL, NULL, '[\"174183652467d250ecc78ae_test.pdf\"]', '$2y$12$.ABOB6JyM6qz4.2eLlhGVe8vB8Dr7xtrvg7rEatKDvlzkMQckfmIO', NULL, NULL, NULL, 'inactive', 1, NULL, '2025-03-12 21:28:45', '2025-03-12 21:28:45', NULL),
(12, 'Harold Jast', 'Nigel_Waters@yahoo.com', NULL, 'third_party', NULL, NULL, 'usa', NULL, NULL, '[\"174183695667d2529ce8e59test.pdf\"]', '$2y$12$CjzrSqACK8fKLqj6D3ID/.4YEwOi5hcO.obR9zCZrKN5RtMpiCkc2', NULL, NULL, NULL, 'inactive', 1, NULL, '2025-03-12 21:35:29', '2025-03-12 21:35:56', NULL),
(13, 'Brian Legros', 'Kelton.Effertz69@hotmail.com', NULL, 'location_employee', NULL, NULL, 'UK', NULL, '1741837213.jpg', '[\"174183721367d2539d3f70etest.pdf\"]', '$2y$12$rTjOK6AY3/X2kVhOyVfkrueYoJFlQmXKIC1xJFztfB4BORkXFFef6', NULL, NULL, NULL, 'inactive', 1, NULL, '2025-03-12 21:39:29', '2025-03-12 21:40:13', NULL),
(14, 'Dr. Matthew Daugherty', 'Crawford.Huel88@yahoo.com', NULL, 'support_agent', NULL, NULL, 'USA', NULL, '1741837402.jpg', '[\"174183740267d2545a26acatest.pdf\"]', '$2y$12$sNekF5kmiM581Y5o3GbZrOqR.A2p5afZYZkYowRcxQjta9JlixHzW', NULL, NULL, NULL, 'inactive', 1, NULL, '2025-03-12 21:42:02', '2025-03-12 21:43:22', NULL),
(15, 'Beverly Kessler', 'Emma_McKenzie@yahoo.com', NULL, 'technician', NULL, NULL, 'UK', NULL, '1741837526.webp', '[\"174183752667d254d687ed1test.pdf\"]', '$2y$12$QhRNiJFxmSbY8yVkIHcgae7FyAlLkKQZjPYBWABHq/UmbdUfMQ/3C', NULL, NULL, NULL, 'inactive', 1, NULL, '2025-03-12 21:43:34', '2025-03-12 21:45:26', NULL);

--
-- Indexes for dumped tables
--

--
-- Indexes for table `assets`
--
ALTER TABLE `assets`
  ADD PRIMARY KEY (`id`),
  ADD KEY `assets_organization_id_foreign` (`organization_id`);

--
-- Indexes for table `cache`
--
ALTER TABLE `cache`
  ADD PRIMARY KEY (`key`);

--
-- Indexes for table `cache_locks`
--
ALTER TABLE `cache_locks`
  ADD PRIMARY KEY (`key`);

--
-- Indexes for table `failed_jobs`
--
ALTER TABLE `failed_jobs`
  ADD PRIMARY KEY (`id`),
  ADD UNIQUE KEY `failed_jobs_uuid_unique` (`uuid`);

--
-- Indexes for table `f_a_q_s`
--
ALTER TABLE `f_a_q_s`
  ADD PRIMARY KEY (`id`);

--
-- Indexes for table `inspection_sheets`
--
ALTER TABLE `inspection_sheets`
  ADD PRIMARY KEY (`id`),
  ADD KEY `inspection_sheets_ticket_id_foreign` (`ticket_id`),
  ADD KEY `inspection_sheets_support_agent_id_foreign` (`support_agent_id`),
  ADD KEY `inspection_sheets_technician_id_foreign` (`technician_id`);

--
-- Indexes for table `jobs`
--
ALTER TABLE `jobs`
  ADD PRIMARY KEY (`id`),
  ADD KEY `jobs_queue_index` (`queue`);

--
-- Indexes for table `job_batches`
--
ALTER TABLE `job_batches`
  ADD PRIMARY KEY (`id`);

--
-- Indexes for table `job_cards`
--
ALTER TABLE `job_cards`
  ADD PRIMARY KEY (`id`),
  ADD KEY `job_cards_user_id_foreign` (`user_id`),
  ADD KEY `job_cards_ticket_id_foreign` (`ticket_id`),
  ADD KEY `job_cards_inspection_sheet_id_foreign` (`inspection_sheet_id`);

--
-- Indexes for table `maintainances`
--
ALTER TABLE `maintainances`
  ADD PRIMARY KEY (`id`),
  ADD KEY `maintainances_user_id_foreign` (`user_id`),
  ADD KEY `maintainances_asset_id_foreign` (`asset_id`),
  ADD KEY `maintainances_technician_id_foreign` (`technician_id`);

--
-- Indexes for table `messages`
--
ALTER TABLE `messages`
  ADD PRIMARY KEY (`id`),
  ADD KEY `messages_sender_id_foreign` (`sender_id`),
  ADD KEY `messages_receiver_id_foreign` (`receiver_id`);

--
-- Indexes for table `migrations`
--
ALTER TABLE `migrations`
  ADD PRIMARY KEY (`id`);

--
-- Indexes for table `notifications`
--
ALTER TABLE `notifications`
  ADD PRIMARY KEY (`id`),
  ADD KEY `notifications_notifiable_type_notifiable_id_index` (`notifiable_type`,`notifiable_id`);

--
-- Indexes for table `password_reset_tokens`
--
ALTER TABLE `password_reset_tokens`
  ADD PRIMARY KEY (`email`);

--
-- Indexes for table `personal_access_tokens`
--
ALTER TABLE `personal_access_tokens`
  ADD PRIMARY KEY (`id`),
  ADD UNIQUE KEY `personal_access_tokens_token_unique` (`token`),
  ADD KEY `personal_access_tokens_tokenable_type_tokenable_id_index` (`tokenable_type`,`tokenable_id`);

--
-- Indexes for table `reports`
--
ALTER TABLE `reports`
  ADD PRIMARY KEY (`id`),
  ADD KEY `reports_user_id_foreign` (`user_id`),
  ADD KEY `reports_asset_id_foreign` (`asset_id`),
  ADD KEY `reports_ticket_id_foreign` (`ticket_id`),
  ADD KEY `reports_inspection_sheet_id_foreign` (`inspection_sheet_id`),
  ADD KEY `reports_job_card_id_foreign` (`job_card_id`),
  ADD KEY `reports_maintainance_id_foreign` (`maintainance_id`);

--
-- Indexes for table `sessions`
--
ALTER TABLE `sessions`
  ADD PRIMARY KEY (`id`),
  ADD KEY `sessions_user_id_index` (`user_id`),
  ADD KEY `sessions_last_activity_index` (`last_activity`);

--
-- Indexes for table `settings`
--
ALTER TABLE `settings`
  ADD PRIMARY KEY (`id`);

--
-- Indexes for table `tickets`
--
ALTER TABLE `tickets`
  ADD PRIMARY KEY (`id`),
  ADD KEY `tickets_user_id_foreign` (`user_id`),
  ADD KEY `tickets_asset_id_foreign` (`asset_id`);

--
-- Indexes for table `users`
--
ALTER TABLE `users`
  ADD PRIMARY KEY (`id`),
  ADD UNIQUE KEY `users_email_unique` (`email`),
  ADD KEY `users_creator_id_foreign` (`creator_id`);

--
-- AUTO_INCREMENT for dumped tables
--

--
-- AUTO_INCREMENT for table `assets`
--
ALTER TABLE `assets`
  MODIFY `id` bigint UNSIGNED NOT NULL AUTO_INCREMENT, AUTO_INCREMENT=209;

--
-- AUTO_INCREMENT for table `failed_jobs`
--
ALTER TABLE `failed_jobs`
  MODIFY `id` bigint UNSIGNED NOT NULL AUTO_INCREMENT;

--
-- AUTO_INCREMENT for table `f_a_q_s`
--
ALTER TABLE `f_a_q_s`
  MODIFY `id` bigint UNSIGNED NOT NULL AUTO_INCREMENT, AUTO_INCREMENT=4;

--
-- AUTO_INCREMENT for table `inspection_sheets`
--
ALTER TABLE `inspection_sheets`
  MODIFY `id` bigint UNSIGNED NOT NULL AUTO_INCREMENT, AUTO_INCREMENT=25;

--
-- AUTO_INCREMENT for table `jobs`
--
ALTER TABLE `jobs`
  MODIFY `id` bigint UNSIGNED NOT NULL AUTO_INCREMENT;

--
-- AUTO_INCREMENT for table `job_cards`
--
ALTER TABLE `job_cards`
  MODIFY `id` bigint UNSIGNED NOT NULL AUTO_INCREMENT, AUTO_INCREMENT=4;

--
-- AUTO_INCREMENT for table `maintainances`
--
ALTER TABLE `maintainances`
  MODIFY `id` bigint UNSIGNED NOT NULL AUTO_INCREMENT;

--
-- AUTO_INCREMENT for table `messages`
--
ALTER TABLE `messages`
  MODIFY `id` bigint UNSIGNED NOT NULL AUTO_INCREMENT, AUTO_INCREMENT=3;

--
-- AUTO_INCREMENT for table `migrations`
--
ALTER TABLE `migrations`
  MODIFY `id` int UNSIGNED NOT NULL AUTO_INCREMENT, AUTO_INCREMENT=15;

--
-- AUTO_INCREMENT for table `personal_access_tokens`
--
ALTER TABLE `personal_access_tokens`
  MODIFY `id` bigint UNSIGNED NOT NULL AUTO_INCREMENT;

--
-- AUTO_INCREMENT for table `reports`
--
ALTER TABLE `reports`
  MODIFY `id` bigint UNSIGNED NOT NULL AUTO_INCREMENT, AUTO_INCREMENT=2;

--
-- AUTO_INCREMENT for table `settings`
--
ALTER TABLE `settings`
  MODIFY `id` bigint UNSIGNED NOT NULL AUTO_INCREMENT, AUTO_INCREMENT=4;

--
-- AUTO_INCREMENT for table `tickets`
--
ALTER TABLE `tickets`
  MODIFY `id` bigint UNSIGNED NOT NULL AUTO_INCREMENT, AUTO_INCREMENT=15;

--
-- AUTO_INCREMENT for table `users`
--
ALTER TABLE `users`
  MODIFY `id` bigint UNSIGNED NOT NULL AUTO_INCREMENT, AUTO_INCREMENT=16;

--
-- Constraints for dumped tables
--

--
-- Constraints for table `assets`
--
ALTER TABLE `assets`
  ADD CONSTRAINT `assets_organization_id_foreign` FOREIGN KEY (`organization_id`) REFERENCES `users` (`id`) ON DELETE CASCADE;

--
-- Constraints for table `inspection_sheets`
--
ALTER TABLE `inspection_sheets`
  ADD CONSTRAINT `inspection_sheets_support_agent_id_foreign` FOREIGN KEY (`support_agent_id`) REFERENCES `users` (`id`) ON DELETE CASCADE,
  ADD CONSTRAINT `inspection_sheets_technician_id_foreign` FOREIGN KEY (`technician_id`) REFERENCES `users` (`id`) ON DELETE CASCADE,
  ADD CONSTRAINT `inspection_sheets_ticket_id_foreign` FOREIGN KEY (`ticket_id`) REFERENCES `tickets` (`id`) ON DELETE CASCADE;

--
-- Constraints for table `job_cards`
--
ALTER TABLE `job_cards`
  ADD CONSTRAINT `job_cards_inspection_sheet_id_foreign` FOREIGN KEY (`inspection_sheet_id`) REFERENCES `inspection_sheets` (`id`) ON DELETE CASCADE,
  ADD CONSTRAINT `job_cards_ticket_id_foreign` FOREIGN KEY (`ticket_id`) REFERENCES `tickets` (`id`) ON DELETE CASCADE,
  ADD CONSTRAINT `job_cards_user_id_foreign` FOREIGN KEY (`user_id`) REFERENCES `users` (`id`) ON DELETE CASCADE;

--
-- Constraints for table `maintainances`
--
ALTER TABLE `maintainances`
  ADD CONSTRAINT `maintainances_asset_id_foreign` FOREIGN KEY (`asset_id`) REFERENCES `assets` (`id`) ON DELETE CASCADE,
  ADD CONSTRAINT `maintainances_technician_id_foreign` FOREIGN KEY (`technician_id`) REFERENCES `users` (`id`) ON DELETE CASCADE,
  ADD CONSTRAINT `maintainances_user_id_foreign` FOREIGN KEY (`user_id`) REFERENCES `users` (`id`) ON DELETE CASCADE;

--
-- Constraints for table `messages`
--
ALTER TABLE `messages`
  ADD CONSTRAINT `messages_receiver_id_foreign` FOREIGN KEY (`receiver_id`) REFERENCES `users` (`id`) ON DELETE CASCADE,
  ADD CONSTRAINT `messages_sender_id_foreign` FOREIGN KEY (`sender_id`) REFERENCES `users` (`id`) ON DELETE CASCADE;

--
-- Constraints for table `reports`
--
ALTER TABLE `reports`
  ADD CONSTRAINT `reports_asset_id_foreign` FOREIGN KEY (`asset_id`) REFERENCES `assets` (`id`) ON DELETE CASCADE,
  ADD CONSTRAINT `reports_inspection_sheet_id_foreign` FOREIGN KEY (`inspection_sheet_id`) REFERENCES `inspection_sheets` (`id`) ON DELETE CASCADE,
  ADD CONSTRAINT `reports_job_card_id_foreign` FOREIGN KEY (`job_card_id`) REFERENCES `job_cards` (`id`) ON DELETE CASCADE,
  ADD CONSTRAINT `reports_maintainance_id_foreign` FOREIGN KEY (`maintainance_id`) REFERENCES `maintainances` (`id`) ON DELETE CASCADE,
  ADD CONSTRAINT `reports_ticket_id_foreign` FOREIGN KEY (`ticket_id`) REFERENCES `tickets` (`id`) ON DELETE CASCADE,
  ADD CONSTRAINT `reports_user_id_foreign` FOREIGN KEY (`user_id`) REFERENCES `users` (`id`) ON DELETE CASCADE;

--
-- Constraints for table `tickets`
--
ALTER TABLE `tickets`
  ADD CONSTRAINT `tickets_asset_id_foreign` FOREIGN KEY (`asset_id`) REFERENCES `assets` (`id`) ON DELETE CASCADE,
  ADD CONSTRAINT `tickets_user_id_foreign` FOREIGN KEY (`user_id`) REFERENCES `users` (`id`) ON DELETE CASCADE;

--
-- Constraints for table `users`
--
ALTER TABLE `users`
  ADD CONSTRAINT `users_creator_id_foreign` FOREIGN KEY (`creator_id`) REFERENCES `users` (`id`) ON DELETE CASCADE;
COMMIT;

/*!40101 SET CHARACTER_SET_CLIENT=@OLD_CHARACTER_SET_CLIENT */;
/*!40101 SET CHARACTER_SET_RESULTS=@OLD_CHARACTER_SET_RESULTS */;
/*!40101 SET COLLATION_CONNECTION=@OLD_COLLATION_CONNECTION */;
